file,line,type,commit,author,date,time,timezone,datetime,depth,length
style.css,1,css,d0459a52,Yall777,2026-04-09,09:02:11,-07:00,2026-04-09T09:02:11-07:00,0,5
style.css,2,css,c9da320d,Yall777,2026-04-09,09:16:44,-07:00,2026-04-09T09:16:44-07:00,1,33
style.css,3,css,d0459a52,Yall777,2026-04-09,09:02:11,-07:00,2026-04-09T09:02:11-07:00,0,0
style.css,4,css,d0459a52,Yall777,2026-04-09,09:02:11,-07:00,2026-04-09T09:02:11-07:00,0,0
style.css,5,css,4d430426,Yall777,2026-04-17,14:37:29,-07:00,2026-04-17T14:37:29-07:00,0,4
style.css,6,css,4d430426,Yall777,2026-04-17,14:37:29,-07:00,2026-04-17T14:37:29-07:00,1,23
style.css,7,css,4d430426,Yall777,2026-04-17,14:37:29,-07:00,2026-04-17T14:37:29-07:00,0,0
style.css,8,css,4d430426,Yall777,2026-04-17,14:37:29,-07:00,2026-04-17T14:37:29-07:00,0,0
style.css,9,css,0142ec8e,Yall777,2026-04-03,16:25:08,-07:00,2026-04-03T16:25:08-07:00,0,4
style.css,10,css,0142ec8e,Yall777,2026-04-03,16:25:08,-07:00,2026-04-03T16:25:08-07:00,1,23
style.css,11,css,348414a2,Yall777,2026-04-09,08:40:36,-07:00,2026-04-09T08:40:36-07:00,1,15
style.css,12,css,348414a2,Yall777,2026-04-09,08:40:36,-07:00,2026-04-09T08:40:36-07:00,1,18
style.css,13,css,348414a2,Yall777,2026-04-09,08:40:36,-07:00,2026-04-09T08:40:36-07:00,1,17
style.css,14,css,d0459a52,Yall777,2026-04-09,09:02:11,-07:00,2026-04-09T09:02:11-07:00,1,32
style.css,15,css,d0459a52,Yall777,2026-04-09,09:02:11,-07:00,2026-04-09T09:02:11-07:00,0,0
style.css,16,css,d0459a52,Yall777,2026-04-09,09:02:11,-07:00,2026-04-09T09:02:11-07:00,0,0
style.css,17,css,d0459a52,Yall777,2026-04-09,09:02:11,-07:00,2026-04-09T09:02:11-07:00,0,3
style.css,18,css,4d430426,Yall777,2026-04-17,14:37:29,-07:00,2026-04-17T14:37:29-07:00,1,39
style.css,19,css,d0459a52,Yall777,2026-04-09,09:02:11,-07:00,2026-04-09T09:02:11-07:00,1,12
style.css,20,css,d0459a52,Yall777,2026-04-09,09:02:11,-07:00,2026-04-09T09:02:11-07:00,1,18
style.css,21,css,4d430426,Yall777,2026-04-17,14:37:29,-07:00,2026-04-17T14:37:29-07:00,1,43
style.css,22,css,4d430426,Yall777,2026-04-17,14:37:29,-07:00,2026-04-17T14:37:29-07:00,1,69
style.css,23,css,d0459a52,Yall777,2026-04-09,09:02:11,-07:00,2026-04-09T09:02:11-07:00,0,0
style.css,24,css,d0459a52,Yall777,2026-04-09,09:02:11,-07:00,2026-04-09T09:02:11-07:00,0,0
style.css,25,css,d0459a52,Yall777,2026-04-09,09:02:11,-07:00,2026-04-09T09:02:11-07:00,0,5
style.css,26,css,d0459a52,Yall777,2026-04-09,09:02:11,-07:00,2026-04-09T09:02:11-07:00,1,6
style.css,27,css,d0459a52,Yall777,2026-04-09,09:02:11,-07:00,2026-04-09T09:02:11-07:00,1,20
style.css,28,css,d0459a52,Yall777,2026-04-09,09:02:11,-07:00,2026-04-09T09:02:11-07:00,1,13
style.css,29,css,d0459a52,Yall777,2026-04-09,09:02:11,-07:00,2026-04-09T09:02:11-07:00,1,17
style.css,30,css,d0459a52,Yall777,2026-04-09,09:02:11,-07:00,2026-04-09T09:02:11-07:00,1,13
style.css,31,css,d0459a52,Yall777,2026-04-09,09:02:11,-07:00,2026-04-09T09:02:11-07:00,0,0
style.css,32,css,d0459a52,Yall777,2026-04-09,09:02:11,-07:00,2026-04-09T09:02:11-07:00,0,0
style.css,33,css,d0459a52,Yall777,2026-04-09,09:02:11,-07:00,2026-04-09T09:02:11-07:00,0,13
style.css,34,css,d0459a52,Yall777,2026-04-09,09:02:11,-07:00,2026-04-09T09:02:11-07:00,1,16
style.css,35,css,4d430426,Yall777,2026-04-17,14:37:29,-07:00,2026-04-17T14:37:29-07:00,1,45
style.css,36,css,d0459a52,Yall777,2026-04-09,09:02:11,-07:00,2026-04-09T09:02:11-07:00,1,20
style.css,37,css,d0459a52,Yall777,2026-04-09,09:02:11,-07:00,2026-04-09T09:02:11-07:00,0,0
style.css,38,css,d0459a52,Yall777,2026-04-09,09:02:11,-07:00,2026-04-09T09:02:11-07:00,0,0
style.css,39,css,d0459a52,Yall777,2026-04-09,09:02:11,-07:00,2026-04-09T09:02:11-07:00,0,11
style.css,40,css,d0459a52,Yall777,2026-04-09,09:02:11,-07:00,2026-04-09T09:02:11-07:00,1,45
style.css,41,css,d0459a52,Yall777,2026-04-09,09:02:11,-07:00,2026-04-09T09:02:11-07:00,1,20
style.css,42,css,d0459a52,Yall777,2026-04-09,09:02:11,-07:00,2026-04-09T09:02:11-07:00,1,58
style.css,43,css,c9da320d,Yall777,2026-04-09,09:16:44,-07:00,2026-04-09T09:16:44-07:00,0,0
style.css,44,css,c9da320d,Yall777,2026-04-09,09:16:44,-07:00,2026-04-09T09:16:44-07:00,0,0
style.css,45,css,9c846dc6,Yall777,2026-04-09,09:36:25,-07:00,2026-04-09T09:36:25-07:00,0,12
style.css,46,css,9c846dc6,Yall777,2026-04-09,09:36:25,-07:00,2026-04-09T09:36:25-07:00,0,22
style.css,47,css,9c846dc6,Yall777,2026-04-09,09:36:25,-07:00,2026-04-09T09:36:25-07:00,1,15
style.css,48,css,9c846dc6,Yall777,2026-04-09,09:36:25,-07:00,2026-04-09T09:36:25-07:00,1,17
style.css,49,css,9c846dc6,Yall777,2026-04-09,09:36:25,-07:00,2026-04-09T09:36:25-07:00,0,0
style.css,50,css,9c846dc6,Yall777,2026-04-09,09:36:25,-07:00,2026-04-09T09:36:25-07:00,0,0
style.css,51,css,9c846dc6,Yall777,2026-04-09,09:36:25,-07:00,2026-04-09T09:36:25-07:00,0,2
style.css,52,css,9c846dc6,Yall777,2026-04-09,09:36:25,-07:00,2026-04-09T09:36:25-07:00,1,14
style.css,53,css,9c846dc6,Yall777,2026-04-09,09:36:25,-07:00,2026-04-09T09:36:25-07:00,0,0
style.css,54,css,9c846dc6,Yall777,2026-04-09,09:36:25,-07:00,2026-04-09T09:36:25-07:00,0,0
style.css,55,css,e086b068,Yall777,2026-05-01,13:14:12,-07:00,2026-05-01T13:14:12-07:00,0,22
style.css,56,css,e086b068,Yall777,2026-05-01,13:14:12,-07:00,2026-05-01T13:14:12-07:00,0,13
style.css,57,css,e086b068,Yall777,2026-05-01,13:14:12,-07:00,2026-05-01T13:14:12-07:00,1,12
style.css,58,css,e086b068,Yall777,2026-05-01,13:14:12,-07:00,2026-05-01T13:14:12-07:00,1,18
style.css,59,css,e086b068,Yall777,2026-05-01,13:14:12,-07:00,2026-05-01T13:14:12-07:00,1,7
style.css,60,css,e086b068,Yall777,2026-05-01,13:14:12,-07:00,2026-05-01T13:14:12-07:00,1,16
style.css,61,css,e086b068,Yall777,2026-05-01,13:14:12,-07:00,2026-05-01T13:14:12-07:00,0,0
style.css,62,css,e086b068,Yall777,2026-05-01,13:14:12,-07:00,2026-05-01T13:14:12-07:00,0,0
style.css,63,css,e086b068,Yall777,2026-05-01,13:14:12,-07:00,2026-05-01T13:14:12-07:00,0,18
style.css,64,css,e086b068,Yall777,2026-05-01,13:14:12,-07:00,2026-05-01T13:14:12-07:00,1,14
style.css,65,css,e086b068,Yall777,2026-05-01,13:14:12,-07:00,2026-05-01T13:14:12-07:00,1,13
style.css,66,css,e086b068,Yall777,2026-05-01,13:14:12,-07:00,2026-05-01T13:14:12-07:00,1,16
style.css,67,css,83e877ba,Yall777,2026-05-01,13:46:20,-07:00,2026-05-01T13:46:20-07:00,0,0
style.css,68,css,83e877ba,Yall777,2026-05-01,13:46:20,-07:00,2026-05-01T13:46:20-07:00,1,4
style.css,69,css,83e877ba,Yall777,2026-05-01,13:46:20,-07:00,2026-05-01T13:46:20-07:00,2,14
style.css,70,css,83e877ba,Yall777,2026-05-01,13:46:20,-07:00,2026-05-01T13:46:20-07:00,2,16
style.css,71,css,83e877ba,Yall777,2026-05-01,13:46:20,-07:00,2026-05-01T13:46:20-07:00,2,17
style.css,72,css,83e877ba,Yall777,2026-05-01,13:46:20,-07:00,2026-05-01T13:46:20-07:00,1,0
style.css,73,css,83e877ba,Yall777,2026-05-01,13:46:20,-07:00,2026-05-01T13:46:20-07:00,0,0
style.css,74,css,83e877ba,Yall777,2026-05-01,13:46:20,-07:00,2026-05-01T13:46:20-07:00,1,17
style.css,75,css,83e877ba,Yall777,2026-05-01,13:46:20,-07:00,2026-05-01T13:46:20-07:00,2,16
style.css,76,css,83e877ba,Yall777,2026-05-01,13:46:20,-07:00,2026-05-01T13:46:20-07:00,3,11
style.css,77,css,83e877ba,Yall777,2026-05-01,13:46:20,-07:00,2026-05-01T13:46:20-07:00,2,0
style.css,78,css,83e877ba,Yall777,2026-05-01,13:46:20,-07:00,2026-05-01T13:46:20-07:00,1,0
style.css,79,css,83e877ba,Yall777,2026-05-01,13:46:20,-07:00,2026-05-01T13:46:20-07:00,0,0
style.css,80,css,83e877ba,Yall777,2026-05-01,13:46:20,-07:00,2026-05-01T13:46:20-07:00,1,20
style.css,81,css,83e877ba,Yall777,2026-05-01,13:46:20,-07:00,2026-05-01T13:46:20-07:00,2,19
style.css,82,css,83e877ba,Yall777,2026-05-01,13:46:20,-07:00,2026-05-01T13:46:20-07:00,3,11
style.css,83,css,83e877ba,Yall777,2026-05-01,13:46:20,-07:00,2026-05-01T13:46:20-07:00,2,0
style.css,84,css,83e877ba,Yall777,2026-05-01,13:46:20,-07:00,2026-05-01T13:46:20-07:00,1,0
style.css,85,css,83e877ba,Yall777,2026-05-01,13:46:20,-07:00,2026-05-01T13:46:20-07:00,0,0
style.css,86,css,83e877ba,Yall777,2026-05-01,13:46:20,-07:00,2026-05-01T13:46:20-07:00,0,0
style.css,87,css,83e877ba,Yall777,2026-05-01,13:46:20,-07:00,2026-05-01T13:46:20-07:00,0,9
style.css,88,css,83e877ba,Yall777,2026-05-01,13:46:20,-07:00,2026-05-01T13:46:20-07:00,1,35
style.css,89,css,83e877ba,Yall777,2026-05-01,13:46:20,-07:00,2026-05-01T13:46:20-07:00,0,0
style.css,90,css,83e877ba,Yall777,2026-05-01,13:46:20,-07:00,2026-05-01T13:46:20-07:00,1,10
style.css,91,css,83e877ba,Yall777,2026-05-01,13:46:20,-07:00,2026-05-01T13:46:20-07:00,2,17
style.css,92,css,83e877ba,Yall777,2026-05-01,13:46:20,-07:00,2026-05-01T13:46:20-07:00,1,0
style.css,93,css,e086b068,Yall777,2026-05-01,13:14:12,-07:00,2026-05-01T13:14:12-07:00,0,0
style.css,94,css,e086b068,Yall777,2026-05-01,13:14:12,-07:00,2026-05-01T13:14:12-07:00,0,0
style.css,95,css,e086b068,Yall777,2026-05-01,13:14:12,-07:00,2026-05-01T13:14:12-07:00,0,7
style.css,96,css,83e877ba,Yall777,2026-05-01,13:46:20,-07:00,2026-05-01T13:46:20-07:00,1,6
style.css,97,css,e086b068,Yall777,2026-05-01,13:14:12,-07:00,2026-05-01T13:14:12-07:00,1,15
style.css,98,css,e086b068,Yall777,2026-05-01,13:14:12,-07:00,2026-05-01T13:14:12-07:00,1,8
style.css,99,css,83e877ba,Yall777,2026-05-01,13:46:20,-07:00,2026-05-01T13:46:20-07:00,1,17
style.css,100,css,83e877ba,Yall777,2026-05-01,13:46:20,-07:00,2026-05-01T13:46:20-07:00,1,12
style.css,101,css,83e877ba,Yall777,2026-05-01,13:46:20,-07:00,2026-05-01T13:46:20-07:00,1,57
style.css,102,css,83e877ba,Yall777,2026-05-01,13:46:20,-07:00,2026-05-01T13:46:20-07:00,1,67
style.css,103,css,83e877ba,Yall777,2026-05-01,13:46:20,-07:00,2026-05-01T13:46:20-07:00,1,19
style.css,104,css,e086b068,Yall777,2026-05-01,13:14:12,-07:00,2026-05-01T13:14:12-07:00,0,0
style.css,105,css,e086b068,Yall777,2026-05-01,13:14:12,-07:00,2026-05-01T13:14:12-07:00,0,0
style.css,106,css,83e877ba,Yall777,2026-05-01,13:46:20,-07:00,2026-05-01T13:46:20-07:00,0,12
style.css,107,css,e086b068,Yall777,2026-05-01,13:14:12,-07:00,2026-05-01T13:14:12-07:00,1,12
style.css,108,css,e086b068,Yall777,2026-05-01,13:14:12,-07:00,2026-05-01T13:14:12-07:00,1,18
style.css,109,css,83e877ba,Yall777,2026-05-01,13:46:20,-07:00,2026-05-01T13:46:20-07:00,1,9
style.css,110,css,83e877ba,Yall777,2026-05-01,13:46:20,-07:00,2026-05-01T13:46:20-07:00,1,19
style.css,111,css,83e877ba,Yall777,2026-05-01,13:46:20,-07:00,2026-05-01T13:46:20-07:00,1,14
style.css,112,css,83e877ba,Yall777,2026-05-01,13:46:20,-07:00,2026-05-01T13:46:20-07:00,1,24
style.css,113,css,83e877ba,Yall777,2026-05-01,13:46:20,-07:00,2026-05-01T13:46:20-07:00,0,0
style.css,114,css,83e877ba,Yall777,2026-05-01,13:46:20,-07:00,2026-05-01T13:46:20-07:00,0,0
style.css,115,css,83e877ba,Yall777,2026-05-01,13:46:20,-07:00,2026-05-01T13:46:20-07:00,0,62
style.css,116,css,83e877ba,Yall777,2026-05-01,13:46:20,-07:00,2026-05-01T13:46:20-07:00,1,11
style.css,117,css,e086b068,Yall777,2026-05-01,13:14:12,-07:00,2026-05-01T13:14:12-07:00,0,0
style.css,118,css,e086b068,Yall777,2026-05-01,13:14:12,-07:00,2026-05-01T13:14:12-07:00,0,0
style.css,119,css,e086b068,Yall777,2026-05-01,13:14:12,-07:00,2026-05-01T13:14:12-07:00,0,15
style.css,120,css,e086b068,Yall777,2026-05-01,13:14:12,-07:00,2026-05-01T13:14:12-07:00,1,20
style.css,121,css,e086b068,Yall777,2026-05-01,13:14:12,-07:00,2026-05-01T13:14:12-07:00,1,9
style.css,122,css,83e877ba,Yall777,2026-05-01,13:46:20,-07:00,2026-05-01T13:46:20-07:00,1,18
style.css,123,css,83e877ba,Yall777,2026-05-01,13:46:20,-07:00,2026-05-01T13:46:20-07:00,1,17
style.css,124,css,e086b068,Yall777,2026-05-01,13:14:12,-07:00,2026-05-01T13:14:12-07:00,1,29
style.css,125,css,e086b068,Yall777,2026-05-01,13:14:12,-07:00,2026-05-01T13:14:12-07:00,1,13
style.css,126,css,e086b068,Yall777,2026-05-01,13:14:12,-07:00,2026-05-01T13:14:12-07:00,0,0
style.css,127,css,e086b068,Yall777,2026-05-01,13:14:12,-07:00,2026-05-01T13:14:12-07:00,0,0
style.css,128,css,e086b068,Yall777,2026-05-01,13:14:12,-07:00,2026-05-01T13:14:12-07:00,0,10
style.css,129,css,e086b068,Yall777,2026-05-01,13:14:12,-07:00,2026-05-01T13:14:12-07:00,1,56
style.css,130,css,e086b068,Yall777,2026-05-01,13:14:12,-07:00,2026-05-01T13:14:12-07:00,1,17
style.css,131,css,e086b068,Yall777,2026-05-01,13:14:12,-07:00,2026-05-01T13:14:12-07:00,0,0
style.css,132,css,e086b068,Yall777,2026-05-01,13:14:12,-07:00,2026-05-01T13:14:12-07:00,0,0
style.css,133,css,9c846dc6,Yall777,2026-04-09,09:36:25,-07:00,2026-04-09T09:36:25-07:00,0,17
style.css,134,css,9c846dc6,Yall777,2026-04-09,09:36:25,-07:00,2026-04-09T09:36:25-07:00,0,9
style.css,135,css,9c846dc6,Yall777,2026-04-09,09:36:25,-07:00,2026-04-09T09:36:25-07:00,1,12
style.css,136,css,9c846dc6,Yall777,2026-04-09,09:36:25,-07:00,2026-04-09T09:36:25-07:00,1,58
style.css,137,css,9c846dc6,Yall777,2026-04-09,09:36:25,-07:00,2026-04-09T09:36:25-07:00,1,7
style.css,138,css,9c846dc6,Yall777,2026-04-09,09:36:25,-07:00,2026-04-09T09:36:25-07:00,0,0
style.css,139,css,9c846dc6,Yall777,2026-04-09,09:36:25,-07:00,2026-04-09T09:36:25-07:00,0,0
style.css,140,css,9c846dc6,Yall777,2026-04-09,09:36:25,-07:00,2026-04-09T09:36:25-07:00,0,17
style.css,141,css,9c846dc6,Yall777,2026-04-09,09:36:25,-07:00,2026-04-09T09:36:25-07:00,1,12
style.css,142,css,9c846dc6,Yall777,2026-04-09,09:36:25,-07:00,2026-04-09T09:36:25-07:00,1,26
style.css,143,css,9c846dc6,Yall777,2026-04-09,09:36:25,-07:00,2026-04-09T09:36:25-07:00,1,15
style.css,144,css,9c846dc6,Yall777,2026-04-09,09:36:25,-07:00,2026-04-09T09:36:25-07:00,0,0
style.css,145,css,9c846dc6,Yall777,2026-04-09,09:36:25,-07:00,2026-04-09T09:36:25-07:00,0,0
style.css,146,css,9c846dc6,Yall777,2026-04-09,09:36:25,-07:00,2026-04-09T09:36:25-07:00,0,20
style.css,147,css,9c846dc6,Yall777,2026-04-09,09:36:25,-07:00,2026-04-09T09:36:25-07:00,1,8
style.css,148,css,9c846dc6,Yall777,2026-04-09,09:36:25,-07:00,2026-04-09T09:36:25-07:00,0,0
style.css,149,css,9c846dc6,Yall777,2026-04-09,09:36:25,-07:00,2026-04-09T09:36:25-07:00,0,0
style.css,150,css,9c846dc6,Yall777,2026-04-09,09:36:25,-07:00,2026-04-09T09:36:25-07:00,0,21
style.css,151,css,9c846dc6,Yall777,2026-04-09,09:36:25,-07:00,2026-04-09T09:36:25-07:00,1,10
style.css,152,css,9c846dc6,Yall777,2026-04-09,09:36:25,-07:00,2026-04-09T09:36:25-07:00,0,0
style.css,153,css,9c846dc6,Yall777,2026-04-09,09:36:25,-07:00,2026-04-09T09:36:25-07:00,0,0
style.css,154,css,eba6f8ed,Yall777,2026-04-24,15:58:55,-07:00,2026-04-24T15:58:55-07:00,0,13
style.css,155,css,eba6f8ed,Yall777,2026-04-24,15:58:55,-07:00,2026-04-24T15:58:55-07:00,1,15
style.css,156,css,eba6f8ed,Yall777,2026-04-24,15:58:55,-07:00,2026-04-24T15:58:55-07:00,1,56
style.css,157,css,eba6f8ed,Yall777,2026-04-24,15:58:55,-07:00,2026-04-24T15:58:55-07:00,1,15
style.css,158,css,eba6f8ed,Yall777,2026-04-24,15:58:55,-07:00,2026-04-24T15:58:55-07:00,0,0
style.css,159,css,eba6f8ed,Yall777,2026-04-24,15:58:55,-07:00,2026-04-24T15:58:55-07:00,0,0
style.css,160,css,fb6d9581,Yall777,2026-04-24,13:39:29,-07:00,2026-04-24T13:39:29-07:00,0,16
style.css,161,css,06b241da,Yall777,2026-04-24,18:00:52,-07:00,2026-04-24T18:00:52-07:00,0,14
style.css,162,css,06b241da,Yall777,2026-04-24,18:00:52,-07:00,2026-04-24T18:00:52-07:00,1,17
style.css,163,css,06b241da,Yall777,2026-04-24,18:00:52,-07:00,2026-04-24T18:00:52-07:00,1,19
style.css,164,css,06b241da,Yall777,2026-04-24,18:00:52,-07:00,2026-04-24T18:00:52-07:00,1,74
style.css,165,css,06b241da,Yall777,2026-04-24,18:00:52,-07:00,2026-04-24T18:00:52-07:00,1,21
style.css,166,css,06b241da,Yall777,2026-04-24,18:00:52,-07:00,2026-04-24T18:00:52-07:00,1,69
style.css,167,css,06b241da,Yall777,2026-04-24,18:00:52,-07:00,2026-04-24T18:00:52-07:00,0,0
style.css,168,css,06b241da,Yall777,2026-04-24,18:00:52,-07:00,2026-04-24T18:00:52-07:00,0,0
style.css,169,css,06b241da,Yall777,2026-04-24,18:00:52,-07:00,2026-04-24T18:00:52-07:00,0,17
style.css,170,css,06b241da,Yall777,2026-04-24,18:00:52,-07:00,2026-04-24T18:00:52-07:00,1,12
style.css,171,css,06b241da,Yall777,2026-04-24,18:00:52,-07:00,2026-04-24T18:00:52-07:00,1,16
style.css,172,css,06b241da,Yall777,2026-04-24,18:00:52,-07:00,2026-04-24T18:00:52-07:00,1,24
style.css,173,css,06b241da,Yall777,2026-04-24,18:00:52,-07:00,2026-04-24T18:00:52-07:00,1,21
style.css,174,css,06b241da,Yall777,2026-04-24,18:00:52,-07:00,2026-04-24T18:00:52-07:00,1,56
style.css,175,css,06b241da,Yall777,2026-04-24,18:00:52,-07:00,2026-04-24T18:00:52-07:00,0,0
style.css,176,css,06b241da,Yall777,2026-04-24,18:00:52,-07:00,2026-04-24T18:00:52-07:00,0,0
style.css,177,css,fb6d9581,Yall777,2026-04-24,13:39:29,-07:00,2026-04-24T13:39:29-07:00,0,17
style.css,178,css,fb6d9581,Yall777,2026-04-24,13:39:29,-07:00,2026-04-24T13:39:29-07:00,1,12
style.css,179,css,fb6d9581,Yall777,2026-04-24,13:39:29,-07:00,2026-04-24T13:39:29-07:00,1,36
style.css,180,css,06b241da,Yall777,2026-04-24,18:00:52,-07:00,2026-04-24T18:00:52-07:00,1,12
style.css,181,css,06b241da,Yall777,2026-04-24,18:00:52,-07:00,2026-04-24T18:00:52-07:00,1,8
style.css,182,css,fb6d9581,Yall777,2026-04-24,13:39:29,-07:00,2026-04-24T13:39:29-07:00,0,0
style.css,183,css,fb6d9581,Yall777,2026-04-24,13:39:29,-07:00,2026-04-24T13:39:29-07:00,0,0
style.css,184,css,fb6d9581,Yall777,2026-04-24,13:39:29,-07:00,2026-04-24T13:39:29-07:00,0,17
style.css,185,css,fb6d9581,Yall777,2026-04-24,13:39:29,-07:00,2026-04-24T13:39:29-07:00,1,10
style.css,186,css,fb6d9581,Yall777,2026-04-24,13:39:29,-07:00,2026-04-24T13:39:29-07:00,1,16
style.css,187,css,fb6d9581,Yall777,2026-04-24,13:39:29,-07:00,2026-04-24T13:39:29-07:00,1,24
style.css,188,css,fb6d9581,Yall777,2026-04-24,13:39:29,-07:00,2026-04-24T13:39:29-07:00,1,21
style.css,189,css,06b241da,Yall777,2026-04-24,18:00:52,-07:00,2026-04-24T18:00:52-07:00,1,56
style.css,190,css,fb6d9581,Yall777,2026-04-24,13:39:29,-07:00,2026-04-24T13:39:29-07:00,0,0
style.css,191,css,fb6d9581,Yall777,2026-04-24,13:39:29,-07:00,2026-04-24T13:39:29-07:00,0,0
style.css,192,css,fb6d9581,Yall777,2026-04-24,13:39:29,-07:00,2026-04-24T13:39:29-07:00,0,17
style.css,193,css,fb6d9581,Yall777,2026-04-24,13:39:29,-07:00,2026-04-24T13:39:29-07:00,1,10
style.css,194,css,fb6d9581,Yall777,2026-04-24,13:39:29,-07:00,2026-04-24T13:39:29-07:00,1,15
style.css,195,css,fb6d9581,Yall777,2026-04-24,13:39:29,-07:00,2026-04-24T13:39:29-07:00,1,16
style.css,196,css,fb6d9581,Yall777,2026-04-24,13:39:29,-07:00,2026-04-24T13:39:29-07:00,1,8
style.css,197,css,06b241da,Yall777,2026-04-24,18:00:52,-07:00,2026-04-24T18:00:52-07:00,1,25
style.css,198,css,fb6d9581,Yall777,2026-04-24,13:39:29,-07:00,2026-04-24T13:39:29-07:00,0,0
style.css,199,css,fb6d9581,Yall777,2026-04-24,13:39:29,-07:00,2026-04-24T13:39:29-07:00,0,0
style.css,200,css,c9da320d,Yall777,2026-04-09,09:16:44,-07:00,2026-04-09T09:16:44-07:00,0,16
style.css,201,css,c9da320d,Yall777,2026-04-09,09:16:44,-07:00,2026-04-09T09:16:44-07:00,0,4
style.css,202,css,c9da320d,Yall777,2026-04-09,09:16:44,-07:00,2026-04-09T09:16:44-07:00,1,12
style.css,203,css,c9da320d,Yall777,2026-04-09,09:16:44,-07:00,2026-04-09T09:16:44-07:00,1,30
style.css,204,css,c9da320d,Yall777,2026-04-09,09:16:44,-07:00,2026-04-09T09:16:44-07:00,1,7
style.css,205,css,c9da320d,Yall777,2026-04-09,09:16:44,-07:00,2026-04-09T09:16:44-07:00,0,0
style.css,206,css,c9da320d,Yall777,2026-04-09,09:16:44,-07:00,2026-04-09T09:16:44-07:00,0,0
style.css,207,css,c9da320d,Yall777,2026-04-09,09:16:44,-07:00,2026-04-09T09:16:44-07:00,0,5
style.css,208,css,c9da320d,Yall777,2026-04-09,09:16:44,-07:00,2026-04-09T09:16:44-07:00,1,12
style.css,209,css,c9da320d,Yall777,2026-04-09,09:16:44,-07:00,2026-04-09T09:16:44-07:00,1,29
style.css,210,css,c9da320d,Yall777,2026-04-09,09:16:44,-07:00,2026-04-09T09:16:44-07:00,1,18
style.css,211,css,c9da320d,Yall777,2026-04-09,09:16:44,-07:00,2026-04-09T09:16:44-07:00,1,18
style.css,212,css,c9da320d,Yall777,2026-04-09,09:16:44,-07:00,2026-04-09T09:16:44-07:00,0,0
style.css,213,css,c9da320d,Yall777,2026-04-09,09:16:44,-07:00,2026-04-09T09:16:44-07:00,0,0
style.css,214,css,4d430426,Yall777,2026-04-17,14:37:29,-07:00,2026-04-17T14:37:29-07:00,0,13
style.css,215,css,06476c51,Yall777,2026-04-17,15:06:03,-07:00,2026-04-17T15:06:03-07:00,1,14
style.css,216,css,4d430426,Yall777,2026-04-17,14:37:29,-07:00,2026-04-17T14:37:29-07:00,1,8
style.css,217,css,4d430426,Yall777,2026-04-17,14:37:29,-07:00,2026-04-17T14:37:29-07:00,1,10
style.css,218,css,4d430426,Yall777,2026-04-17,14:37:29,-07:00,2026-04-17T14:37:29-07:00,1,13
style.css,219,css,4d430426,Yall777,2026-04-17,14:37:29,-07:00,2026-04-17T14:37:29-07:00,1,19
style.css,220,css,4d430426,Yall777,2026-04-17,14:37:29,-07:00,2026-04-17T14:37:29-07:00,0,0
style.css,221,css,4d430426,Yall777,2026-04-17,14:37:29,-07:00,2026-04-17T14:37:29-07:00,0,0
style.css,222,css,f077d885,Yall777,2026-04-17,15:11:15,-07:00,2026-04-17T15:11:15-07:00,0,20
style.css,223,css,f077d885,Yall777,2026-04-17,15:11:15,-07:00,2026-04-17T15:11:15-07:00,1,10
style.css,224,css,f077d885,Yall777,2026-04-17,15:11:15,-07:00,2026-04-17T15:11:15-07:00,0,0
style.css,225,css,f077d885,Yall777,2026-04-17,15:11:15,-07:00,2026-04-17T15:11:15-07:00,0,0
style.css,226,css,4d430426,Yall777,2026-04-17,14:37:29,-07:00,2026-04-17T14:37:29-07:00,0,31
style.css,227,css,c9da320d,Yall777,2026-04-09,09:16:44,-07:00,2026-04-09T09:16:44-07:00,1,12
style.css,228,css,c9da320d,Yall777,2026-04-09,09:16:44,-07:00,2026-04-09T09:16:44-07:00,1,10
style.css,229,css,c9da320d,Yall777,2026-04-09,09:16:44,-07:00,2026-04-09T09:16:44-07:00,1,21
style.css,230,css,c9da320d,Yall777,2026-04-09,09:16:44,-07:00,2026-04-09T09:16:44-07:00,0,0
style.css,231,css,c9da320d,Yall777,2026-04-09,09:16:44,-07:00,2026-04-09T09:16:44-07:00,0,0
style.css,232,css,c9da320d,Yall777,2026-04-09,09:16:44,-07:00,2026-04-09T09:16:44-07:00,0,8
style.css,233,css,c9da320d,Yall777,2026-04-09,09:16:44,-07:00,2026-04-09T09:16:44-07:00,1,14
style.css,234,css,c9da320d,Yall777,2026-04-09,09:16:44,-07:00,2026-04-09T09:16:44-07:00,1,15
style.css,235,css,c9da320d,Yall777,2026-04-09,09:16:44,-07:00,2026-04-09T09:16:44-07:00,0,0
style.css,236,css,c9da320d,Yall777,2026-04-09,09:16:44,-07:00,2026-04-09T09:16:44-07:00,0,0
style.css,237,css,c9da320d,Yall777,2026-04-09,09:16:44,-07:00,2026-04-09T09:16:44-07:00,0,21
style.css,238,css,c9da320d,Yall777,2026-04-09,09:16:44,-07:00,2026-04-09T09:16:44-07:00,1,18
style.css,239,css,0142ec8e,Yall777,2026-04-03,16:25:08,-07:00,2026-04-03T16:25:08-07:00,0,0
index.js,1,js,fb6d9581,Yall777,2026-04-24,13:39:29,-07:00,2026-04-24T13:39:29-07:00,0,71
index.js,2,js,fb6d9581,Yall777,2026-04-24,13:39:29,-07:00,2026-04-24T13:39:29-07:00,0,0
index.js,3,js,fb6d9581,Yall777,2026-04-24,13:39:29,-07:00,2026-04-24T13:39:29-07:00,0,54
index.js,4,js,fb6d9581,Yall777,2026-04-24,13:39:29,-07:00,2026-04-24T13:39:29-07:00,0,42
index.js,5,js,fb6d9581,Yall777,2026-04-24,13:39:29,-07:00,2026-04-24T13:39:29-07:00,0,0
index.js,6,js,fb6d9581,Yall777,2026-04-24,13:39:29,-07:00,2026-04-24T13:39:29-07:00,0,60
index.js,7,js,fb6d9581,Yall777,2026-04-24,13:39:29,-07:00,2026-04-24T13:39:29-07:00,0,54
index.js,8,js,fb6d9581,Yall777,2026-04-24,13:39:29,-07:00,2026-04-24T13:39:29-07:00,0,0
index.js,9,js,fb6d9581,Yall777,2026-04-24,13:39:29,-07:00,2026-04-24T13:39:29-07:00,0,50
index.js,10,js,fb6d9581,Yall777,2026-04-24,13:39:29,-07:00,2026-04-24T13:39:29-07:00,0,60
index.js,11,js,fb6d9581,Yall777,2026-04-24,13:39:29,-07:00,2026-04-24T13:39:29-07:00,0,17
index.js,12,js,fb6d9581,Yall777,2026-04-24,13:39:29,-07:00,2026-04-24T13:39:29-07:00,1,24
index.js,13,js,fb6d9581,Yall777,2026-04-24,13:39:29,-07:00,2026-04-24T13:39:29-07:00,2,22
index.js,14,js,fb6d9581,Yall777,2026-04-24,13:39:29,-07:00,2026-04-24T13:39:29-07:00,2,2
index.js,15,js,fb6d9581,Yall777,2026-04-24,13:39:29,-07:00,2026-04-24T13:39:29-07:00,3,48
index.js,16,js,fb6d9581,Yall777,2026-04-24,13:39:29,-07:00,2026-04-24T13:39:29-07:00,3,48
index.js,17,js,fb6d9581,Yall777,2026-04-24,13:39:29,-07:00,2026-04-24T13:39:29-07:00,3,54
index.js,18,js,fb6d9581,Yall777,2026-04-24,13:39:29,-07:00,2026-04-24T13:39:29-07:00,3,54
index.js,19,js,fb6d9581,Yall777,2026-04-24,13:39:29,-07:00,2026-04-24T13:39:29-07:00,2,3
index.js,20,js,fb6d9581,Yall777,2026-04-24,13:39:29,-07:00,2026-04-24T13:39:29-07:00,1,0
index.js,21,js,fb6d9581,Yall777,2026-04-24,13:39:29,-07:00,2026-04-24T13:39:29-07:00,0,0
index.html,1,html,aad8b7a2,Yall777,2026-04-03,15:43:31,-07:00,2026-04-03T15:43:31-07:00,0,13
index.html,2,html,aad8b7a2,Yall777,2026-04-03,15:43:31,-07:00,2026-04-03T15:43:31-07:00,0,14
index.html,3,html,aad8b7a2,Yall777,2026-04-03,15:43:31,-07:00,2026-04-03T15:43:31-07:00,0,4
index.html,4,html,aad8b7a2,Yall777,2026-04-03,15:43:31,-07:00,2026-04-03T15:43:31-07:00,2,20
index.html,5,html,aad8b7a2,Yall777,2026-04-03,15:43:31,-07:00,2026-04-03T15:43:31-07:00,2,68
index.html,6,html,0142ec8e,Yall777,2026-04-03,16:25:08,-07:00,2026-04-03T16:25:08-07:00,2,24
index.html,7,html,0142ec8e,Yall777,2026-04-03,16:25:08,-07:00,2026-04-03T16:25:08-07:00,2,38
index.html,8,html,6e4af62b,Yall777,2026-04-17,13:32:09,-07:00,2026-04-17T13:32:09-07:00,2,45
index.html,9,html,fb6d9581,Yall777,2026-04-24,13:39:29,-07:00,2026-04-24T13:39:29-07:00,2,50
index.html,10,html,aad8b7a2,Yall777,2026-04-03,15:43:31,-07:00,2026-04-03T15:43:31-07:00,0,5
index.html,11,html,aad8b7a2,Yall777,2026-04-03,15:43:31,-07:00,2026-04-03T15:43:31-07:00,0,4
index.html,12,html,f9144e98,Yall777,2026-04-17,13:59:37,-07:00,2026-04-17T13:59:37-07:00,0,18
index.html,13,html,aad8b7a2,Yall777,2026-04-03,15:43:31,-07:00,2026-04-03T15:43:31-07:00,2,1
index.html,14,html,0142ec8e,Yall777,2026-04-03,16:25:08,-07:00,2026-04-03T16:25:08-07:00,4,71
index.html,15,html,aad8b7a2,Yall777,2026-04-03,15:43:31,-07:00,2026-04-03T15:43:31-07:00,4,17
index.html,16,html,aad8b7a2,Yall777,2026-04-03,15:43:31,-07:00,2026-04-03T15:43:31-07:00,2,2
index.html,17,html,0142ec8e,Yall777,2026-04-03,16:25:08,-07:00,2026-04-03T16:25:08-07:00,2,152
index.html,18,html,fb6d9581,Yall777,2026-04-24,13:39:29,-07:00,2026-04-24T13:39:29-07:00,2,28
index.html,19,html,fb6d9581,Yall777,2026-04-24,13:39:29,-07:00,2026-04-24T13:39:29-07:00,2,22
index.html,20,html,fb6d9581,Yall777,2026-04-24,13:39:29,-07:00,2026-04-24T13:39:29-07:00,2,20
index.html,21,html,fb6d9581,Yall777,2026-04-24,13:39:29,-07:00,2026-04-24T13:39:29-07:00,4,49
index.html,22,html,fb6d9581,Yall777,2026-04-24,13:39:29,-07:00,2026-04-24T13:39:29-07:00,2,4
index.html,23,html,aad8b7a2,Yall777,2026-04-03,15:43:31,-07:00,2026-04-03T15:43:31-07:00,0,5
index.html,24,html,0142ec8e,Yall777,2026-04-03,16:25:08,-07:00,2026-04-03T16:25:08-07:00,0,5
global.js,1,js,6e4af62b,Yall777,2026-04-17,13:32:09,-07:00,2026-04-17T13:32:09-07:00,0,26
global.js,2,js,6e4af62b,Yall777,2026-04-17,13:32:09,-07:00,2026-04-17T13:32:09-07:00,0,0
global.js,3,js,6e4af62b,Yall777,2026-04-17,13:32:09,-07:00,2026-04-17T13:32:09-07:00,0,41
global.js,4,js,6e4af62b,Yall777,2026-04-17,13:32:09,-07:00,2026-04-17T13:32:09-07:00,1,52
global.js,5,js,6e4af62b,Yall777,2026-04-17,13:32:09,-07:00,2026-04-17T13:32:09-07:00,0,0
global.js,6,js,6e4af62b,Yall777,2026-04-17,13:32:09,-07:00,2026-04-17T13:32:09-07:00,0,0
global.js,7,js,06b241da,Yall777,2026-04-24,18:00:52,-07:00,2026-04-24T18:00:52-07:00,0,95
global.js,8,js,f9144e98,Yall777,2026-04-17,13:59:37,-07:00,2026-04-17T13:59:37-07:00,1,3
global.js,9,js,f9144e98,Yall777,2026-04-17,13:59:37,-07:00,2026-04-17T13:59:37-07:00,1,22
global.js,10,js,6e4af62b,Yall777,2026-04-17,13:32:09,-07:00,2026-04-17T13:32:09-07:00,0,0
global.js,11,js,f9144e98,Yall777,2026-04-17,13:59:37,-07:00,2026-04-17T13:59:37-07:00,0,11
global.js,12,js,f9144e98,Yall777,2026-04-17,13:59:37,-07:00,2026-04-17T13:59:37-07:00,1,25
global.js,13,js,a31f78fe,Yall777,2026-04-17,14:08:42,-07:00,2026-04-17T14:08:42-07:00,1,38
global.js,14,js,f9144e98,Yall777,2026-04-17,13:59:37,-07:00,2026-04-17T13:59:37-07:00,1,34
global.js,15,js,f9144e98,Yall777,2026-04-17,13:59:37,-07:00,2026-04-17T13:59:37-07:00,1,36
global.js,16,js,00000000,Not Committed Yet,2026-05-07,16:11:29,-07:00,2026-05-07T16:11:29-07:00,1,30
global.js,17,js,f9144e98,Yall777,2026-04-17,13:59:37,-07:00,2026-04-17T13:59:37-07:00,1,71
global.js,18,js,f9144e98,Yall777,2026-04-17,13:59:37,-07:00,2026-04-17T13:59:37-07:00,0,0
global.js,19,js,6e4af62b,Yall777,2026-04-17,13:32:09,-07:00,2026-04-17T13:32:09-07:00,0,0
global.js,20,js,4d430426,Yall777,2026-04-17,14:37:29,-07:00,2026-04-17T14:37:29-07:00,0,46
global.js,21,js,4d430426,Yall777,2026-04-17,14:37:29,-07:00,2026-04-17T14:37:29-07:00,1,26
global.js,22,js,4d430426,Yall777,2026-04-17,14:37:29,-07:00,2026-04-17T14:37:29-07:00,2,4
global.js,23,js,4d430426,Yall777,2026-04-17,14:37:29,-07:00,2026-04-17T14:37:29-07:00,2,6
global.js,24,js,4d430426,Yall777,2026-04-17,14:37:29,-07:00,2026-04-17T14:37:29-07:00,3,43
global.js,25,js,4d430426,Yall777,2026-04-17,14:37:29,-07:00,2026-04-17T14:37:29-07:00,3,34
global.js,26,js,4d430426,Yall777,2026-04-17,14:37:29,-07:00,2026-04-17T14:37:29-07:00,3,32
global.js,27,js,4d430426,Yall777,2026-04-17,14:37:29,-07:00,2026-04-17T14:37:29-07:00,2,7
global.js,28,js,4d430426,Yall777,2026-04-17,14:37:29,-07:00,2026-04-17T14:37:29-07:00,1,6
global.js,29,js,4d430426,Yall777,2026-04-17,14:37:29,-07:00,2026-04-17T14:37:29-07:00,0,1
global.js,30,js,4d430426,Yall777,2026-04-17,14:37:29,-07:00,2026-04-17T14:37:29-07:00,0,0
global.js,31,js,4d430426,Yall777,2026-04-17,14:37:29,-07:00,2026-04-17T14:37:29-07:00,0,60
global.js,32,js,4d430426,Yall777,2026-04-17,14:37:29,-07:00,2026-04-17T14:37:29-07:00,0,0
global.js,33,js,4d430426,Yall777,2026-04-17,14:37:29,-07:00,2026-04-17T14:37:29-07:00,0,36
global.js,34,js,4d430426,Yall777,2026-04-17,14:37:29,-07:00,2026-04-17T14:37:29-07:00,1,70
global.js,35,js,4d430426,Yall777,2026-04-17,14:37:29,-07:00,2026-04-17T14:37:29-07:00,1,25
global.js,36,js,4d430426,Yall777,2026-04-17,14:37:29,-07:00,2026-04-17T14:37:29-07:00,0,0
global.js,37,js,4d430426,Yall777,2026-04-17,14:37:29,-07:00,2026-04-17T14:37:29-07:00,0,0
global.js,38,js,4d430426,Yall777,2026-04-17,14:37:29,-07:00,2026-04-17T14:37:29-07:00,0,34
global.js,39,js,4d430426,Yall777,2026-04-17,14:37:29,-07:00,2026-04-17T14:37:29-07:00,1,39
global.js,40,js,4d430426,Yall777,2026-04-17,14:37:29,-07:00,2026-04-17T14:37:29-07:00,0,0
global.js,41,js,4d430426,Yall777,2026-04-17,14:37:29,-07:00,2026-04-17T14:37:29-07:00,0,0
global.js,42,js,4d430426,Yall777,2026-04-17,14:37:29,-07:00,2026-04-17T14:37:29-07:00,0,49
global.js,43,js,4d430426,Yall777,2026-04-17,14:37:29,-07:00,2026-04-17T14:37:29-07:00,1,44
global.js,44,js,4d430426,Yall777,2026-04-17,14:37:29,-07:00,2026-04-17T14:37:29-07:00,1,33
global.js,45,js,4d430426,Yall777,2026-04-17,14:37:29,-07:00,2026-04-17T14:37:29-07:00,0,1
global.js,46,js,4d430426,Yall777,2026-04-17,14:37:29,-07:00,2026-04-17T14:37:29-07:00,0,0
global.js,47,js,06476c51,Yall777,2026-04-17,15:06:03,-07:00,2026-04-17T15:06:03-07:00,0,42
global.js,48,js,06476c51,Yall777,2026-04-17,15:06:03,-07:00,2026-04-17T15:06:03-07:00,0,49
global.js,49,js,06476c51,Yall777,2026-04-17,15:06:03,-07:00,2026-04-17T15:06:03-07:00,1,21
global.js,50,js,06476c51,Yall777,2026-04-17,15:06:03,-07:00,2026-04-17T15:06:03-07:00,1,30
global.js,51,js,06476c51,Yall777,2026-04-17,15:06:03,-07:00,2026-04-17T15:06:03-07:00,1,26
global.js,52,js,06476c51,Yall777,2026-04-17,15:06:03,-07:00,2026-04-17T15:06:03-07:00,1,31
global.js,53,js,06476c51,Yall777,2026-04-17,15:06:03,-07:00,2026-04-17T15:06:03-07:00,2,45
global.js,54,js,06476c51,Yall777,2026-04-17,15:06:03,-07:00,2026-04-17T15:06:03-07:00,1,0
global.js,55,js,06476c51,Yall777,2026-04-17,15:06:03,-07:00,2026-04-17T15:06:03-07:00,1,21
global.js,56,js,06476c51,Yall777,2026-04-17,15:06:03,-07:00,2026-04-17T15:06:03-07:00,1,18
global.js,57,js,06476c51,Yall777,2026-04-17,15:06:03,-07:00,2026-04-17T15:06:03-07:00,0,1
global.js,58,js,06476c51,Yall777,2026-04-17,15:06:03,-07:00,2026-04-17T15:06:03-07:00,0,0
global.js,59,js,fb6d9581,Yall777,2026-04-24,13:39:29,-07:00,2026-04-24T13:39:29-07:00,0,47
global.js,60,js,fb6d9581,Yall777,2026-04-24,13:39:29,-07:00,2026-04-24T13:39:29-07:00,1,59
global.js,61,js,fb6d9581,Yall777,2026-04-24,13:39:29,-07:00,2026-04-24T13:39:29-07:00,0,0
global.js,62,js,fb6d9581,Yall777,2026-04-24,13:39:29,-07:00,2026-04-24T13:39:29-07:00,0,0
global.js,63,js,cd435cdd,Yall777,2026-04-24,13:21:27,-07:00,2026-04-24T13:21:27-07:00,0,78
global.js,64,js,cd435cdd,Yall777,2026-04-24,13:21:27,-07:00,2026-04-24T13:21:27-07:00,1,30
global.js,65,js,cd435cdd,Yall777,2026-04-24,13:21:27,-07:00,2026-04-24T13:21:27-07:00,1,24
global.js,66,js,06b241da,Yall777,2026-04-24,18:00:52,-07:00,2026-04-24T18:00:52-07:00,2,72
global.js,67,js,cd435cdd,Yall777,2026-04-24,13:21:27,-07:00,2026-04-24T13:21:27-07:00,2,48
global.js,68,js,cd435cdd,Yall777,2026-04-24,13:21:27,-07:00,2026-04-24T13:21:27-07:00,2,19
global.js,69,js,cd435cdd,Yall777,2026-04-24,13:21:27,-07:00,2026-04-24T13:21:27-07:00,3,43
global.js,70,js,06b241da,Yall777,2026-04-24,18:00:52,-07:00,2026-04-24T18:00:52-07:00,3,36
global.js,71,js,cd435cdd,Yall777,2026-04-24,13:21:27,-07:00,2026-04-24T13:21:27-07:00,3,21
global.js,72,js,eba6f8ed,Yall777,2026-04-24,15:58:55,-07:00,2026-04-24T15:58:55-07:00,3,67
global.js,73,js,cd435cdd,Yall777,2026-04-24,13:21:27,-07:00,2026-04-24T13:21:27-07:00,2,0
global.js,74,js,cd435cdd,Yall777,2026-04-24,13:21:27,-07:00,2026-04-24T13:21:27-07:00,2,36
global.js,75,js,cd435cdd,Yall777,2026-04-24,13:21:27,-07:00,2026-04-24T13:21:27-07:00,1,0
global.js,76,js,cd435cdd,Yall777,2026-04-24,13:21:27,-07:00,2026-04-24T13:21:27-07:00,0,0
global.js,77,js,cd435cdd,Yall777,2026-04-24,13:21:27,-07:00,2026-04-24T13:21:27-07:00,0,0
global.js,78,js,cd435cdd,Yall777,2026-04-24,13:21:27,-07:00,2026-04-24T13:21:27-07:00,0,36
global.js,79,js,cd435cdd,Yall777,2026-04-24,13:21:27,-07:00,2026-04-24T13:21:27-07:00,1,3
global.js,80,js,cd435cdd,Yall777,2026-04-24,13:21:27,-07:00,2026-04-24T13:21:27-07:00,2,32
global.js,81,js,cd435cdd,Yall777,2026-04-24,13:21:27,-07:00,2026-04-24T13:21:27-07:00,2,17
global.js,82,js,cd435cdd,Yall777,2026-04-24,13:21:27,-07:00,2026-04-24T13:21:27-07:00,3,66
global.js,83,js,cd435cdd,Yall777,2026-04-24,13:21:27,-07:00,2026-04-24T13:21:27-07:00,2,0
global.js,84,js,cd435cdd,Yall777,2026-04-24,13:21:27,-07:00,2026-04-24T13:21:27-07:00,2,33
global.js,85,js,cd435cdd,Yall777,2026-04-24,13:21:27,-07:00,2026-04-24T13:21:27-07:00,2,10
global.js,86,js,cd435cdd,Yall777,2026-04-24,13:21:27,-07:00,2026-04-24T13:21:27-07:00,1,15
global.js,87,js,cd435cdd,Yall777,2026-04-24,13:21:27,-07:00,2026-04-24T13:21:27-07:00,2,59
global.js,88,js,cd435cdd,Yall777,2026-04-24,13:21:27,-07:00,2026-04-24T13:21:27-07:00,1,0
global.js,89,js,cd435cdd,Yall777,2026-04-24,13:21:27,-07:00,2026-04-24T13:21:27-07:00,0,0
global.js,90,js,cd435cdd,Yall777,2026-04-24,13:21:27,-07:00,2026-04-24T13:21:27-07:00,0,0
global.js,91,js,f9144e98,Yall777,2026-04-17,13:59:37,-07:00,2026-04-17T13:59:37-07:00,0,38
global.js,92,js,f9144e98,Yall777,2026-04-17,13:59:37,-07:00,2026-04-17T13:59:37-07:00,0,25
global.js,93,js,f9144e98,Yall777,2026-04-17,13:59:37,-07:00,2026-04-17T13:59:37-07:00,0,0
global.js,94,js,f9144e98,Yall777,2026-04-17,13:59:37,-07:00,2026-04-17T13:59:37-07:00,0,20
global.js,95,js,f9144e98,Yall777,2026-04-17,13:59:37,-07:00,2026-04-17T13:59:37-07:00,1,14
global.js,96,js,f9144e98,Yall777,2026-04-17,13:59:37,-07:00,2026-04-17T13:59:37-07:00,1,18
global.js,97,js,f9144e98,Yall777,2026-04-17,13:59:37,-07:00,2026-04-17T13:59:37-07:00,1,52
global.js,98,js,f9144e98,Yall777,2026-04-17,13:59:37,-07:00,2026-04-17T13:59:37-07:00,0,0
global.js,99,js,f9144e98,Yall777,2026-04-17,13:59:37,-07:00,2026-04-17T13:59:37-07:00,1,34
global.js,100,js,f9144e98,Yall777,2026-04-17,13:59:37,-07:00,2026-04-17T13:59:37-07:00,1,11
global.js,101,js,f9144e98,Yall777,2026-04-17,13:59:37,-07:00,2026-04-17T13:59:37-07:00,1,20
global.js,102,js,f9144e98,Yall777,2026-04-17,13:59:37,-07:00,2026-04-17T13:59:37-07:00,1,90
global.js,103,js,f9144e98,Yall777,2026-04-17,13:59:37,-07:00,2026-04-17T13:59:37-07:00,1,52
global.js,104,js,f9144e98,Yall777,2026-04-17,13:59:37,-07:00,2026-04-17T13:59:37-07:00,1,12
global.js,105,js,f9144e98,Yall777,2026-04-17,13:59:37,-07:00,2026-04-17T13:59:37-07:00,0,0
resume/index.html,1,html,0142ec8e,Yall777,2026-04-03,16:25:08,-07:00,2026-04-03T16:25:08-07:00,0,13
resume/index.html,2,html,0142ec8e,Yall777,2026-04-03,16:25:08,-07:00,2026-04-03T16:25:08-07:00,0,14
resume/index.html,3,html,0142ec8e,Yall777,2026-04-03,16:25:08,-07:00,2026-04-03T16:25:08-07:00,0,4
resume/index.html,4,html,0142ec8e,Yall777,2026-04-03,16:25:08,-07:00,2026-04-03T16:25:08-07:00,2,20
resume/index.html,5,html,0142ec8e,Yall777,2026-04-03,16:25:08,-07:00,2026-04-03T16:25:08-07:00,2,68
resume/index.html,6,html,0142ec8e,Yall777,2026-04-03,16:25:08,-07:00,2026-04-03T16:25:08-07:00,2,33
resume/index.html,7,html,0142ec8e,Yall777,2026-04-03,16:25:08,-07:00,2026-04-03T16:25:08-07:00,2,41
resume/index.html,8,html,0142ec8e,Yall777,2026-04-03,16:25:08,-07:00,2026-04-03T16:25:08-07:00,2,5
resume/index.html,9,html,0142ec8e,Yall777,2026-04-03,16:25:08,-07:00,2026-04-03T16:25:08-07:00,4,14
resume/index.html,10,html,2933b5c4,Yall777,2026-04-09,09:39:40,-07:00,2026-04-09T09:39:40-07:00,6,12
resume/index.html,11,html,2933b5c4,Yall777,2026-04-09,09:39:40,-07:00,2026-04-09T09:39:40-07:00,6,29
resume/index.html,12,html,2933b5c4,Yall777,2026-04-09,09:39:40,-07:00,2026-04-09T09:39:40-07:00,6,20
resume/index.html,13,html,2933b5c4,Yall777,2026-04-09,09:39:40,-07:00,2026-04-09T09:39:40-07:00,6,14
resume/index.html,14,html,2933b5c4,Yall777,2026-04-09,09:39:40,-07:00,2026-04-09T09:39:40-07:00,6,15
resume/index.html,15,html,49f85524,Yall777,2026-04-09,09:49:23,-07:00,2026-04-09T09:49:23-07:00,6,22
resume/index.html,16,html,49f85524,Yall777,2026-04-09,09:49:23,-07:00,2026-04-09T09:49:23-07:00,6,20
resume/index.html,17,html,49f85524,Yall777,2026-04-09,09:49:23,-07:00,2026-04-09T09:49:23-07:00,6,43
resume/index.html,18,html,0142ec8e,Yall777,2026-04-03,16:25:08,-07:00,2026-04-03T16:25:08-07:00,4,0
resume/index.html,19,html,0142ec8e,Yall777,2026-04-03,16:25:08,-07:00,2026-04-03T16:25:08-07:00,0,0
resume/index.html,20,html,0142ec8e,Yall777,2026-04-03,16:25:08,-07:00,2026-04-03T16:25:08-07:00,4,17
resume/index.html,21,html,2933b5c4,Yall777,2026-04-09,09:39:40,-07:00,2026-04-09T09:39:40-07:00,6,8
resume/index.html,22,html,0142ec8e,Yall777,2026-04-03,16:25:08,-07:00,2026-04-03T16:25:08-07:00,4,0
resume/index.html,23,html,0142ec8e,Yall777,2026-04-03,16:25:08,-07:00,2026-04-03T16:25:08-07:00,0,0
resume/index.html,24,html,0142ec8e,Yall777,2026-04-03,16:25:08,-07:00,2026-04-03T16:25:08-07:00,4,28
resume/index.html,25,html,2933b5c4,Yall777,2026-04-09,09:39:40,-07:00,2026-04-09T09:39:40-07:00,6,16
resume/index.html,26,html,49f85524,Yall777,2026-04-09,09:49:23,-07:00,2026-04-09T09:49:23-07:00,6,15
resume/index.html,27,html,49f85524,Yall777,2026-04-09,09:49:23,-07:00,2026-04-09T09:49:23-07:00,6,16
resume/index.html,28,html,49f85524,Yall777,2026-04-09,09:49:23,-07:00,2026-04-09T09:49:23-07:00,6,23
resume/index.html,29,html,0142ec8e,Yall777,2026-04-03,16:25:08,-07:00,2026-04-03T16:25:08-07:00,4,0
resume/index.html,30,html,0142ec8e,Yall777,2026-04-03,16:25:08,-07:00,2026-04-03T16:25:08-07:00,0,0
resume/index.html,31,html,0142ec8e,Yall777,2026-04-03,16:25:08,-07:00,2026-04-03T16:25:08-07:00,4,30
resume/index.html,32,html,49f85524,Yall777,2026-04-09,09:49:23,-07:00,2026-04-09T09:49:23-07:00,6,25
resume/index.html,33,html,0142ec8e,Yall777,2026-04-03,16:25:08,-07:00,2026-04-03T16:25:08-07:00,6,20
resume/index.html,34,html,0142ec8e,Yall777,2026-04-03,16:25:08,-07:00,2026-04-03T16:25:08-07:00,4,0
resume/index.html,35,html,0142ec8e,Yall777,2026-04-03,16:25:08,-07:00,2026-04-03T16:25:08-07:00,0,0
resume/index.html,36,html,0142ec8e,Yall777,2026-04-03,16:25:08,-07:00,2026-04-03T16:25:08-07:00,4,36
resume/index.html,37,html,2933b5c4,Yall777,2026-04-09,09:39:40,-07:00,2026-04-09T09:39:40-07:00,6,25
resume/index.html,38,html,9c846dc6,Yall777,2026-04-09,09:36:25,-07:00,2026-04-09T09:36:25-07:00,4,0
resume/index.html,39,html,9c846dc6,Yall777,2026-04-09,09:36:25,-07:00,2026-04-09T09:36:25-07:00,0,0
resume/index.html,40,html,c2688316,Yall777,2026-04-09,09:43:37,-07:00,2026-04-09T09:43:37-07:00,4,7
resume/index.html,41,html,49f85524,Yall777,2026-04-09,09:49:23,-07:00,2026-04-09T09:49:23-07:00,6,21
resume/index.html,42,html,0142ec8e,Yall777,2026-04-03,16:25:08,-07:00,2026-04-03T16:25:08-07:00,4,0
resume/index.html,43,html,0142ec8e,Yall777,2026-04-03,16:25:08,-07:00,2026-04-03T16:25:08-07:00,0,0
resume/index.html,44,html,49f85524,Yall777,2026-04-09,09:49:23,-07:00,2026-04-09T09:49:23-07:00,4,10
resume/index.html,45,html,49f85524,Yall777,2026-04-09,09:49:23,-07:00,2026-04-09T09:49:23-07:00,6,17
resume/index.html,46,html,49f85524,Yall777,2026-04-09,09:49:23,-07:00,2026-04-09T09:49:23-07:00,6,24
resume/index.html,47,html,49f85524,Yall777,2026-04-09,09:49:23,-07:00,2026-04-09T09:49:23-07:00,6,21
resume/index.html,48,html,49f85524,Yall777,2026-04-09,09:49:23,-07:00,2026-04-09T09:49:23-07:00,6,25
resume/index.html,49,html,49f85524,Yall777,2026-04-09,09:49:23,-07:00,2026-04-09T09:49:23-07:00,6,65
resume/index.html,50,html,49f85524,Yall777,2026-04-09,09:49:23,-07:00,2026-04-09T09:49:23-07:00,6,21
resume/index.html,51,html,c2688316,Yall777,2026-04-09,09:43:37,-07:00,2026-04-09T09:43:37-07:00,6,21
resume/index.html,52,html,0142ec8e,Yall777,2026-04-03,16:25:08,-07:00,2026-04-03T16:25:08-07:00,4,0
resume/index.html,53,html,0142ec8e,Yall777,2026-04-03,16:25:08,-07:00,2026-04-03T16:25:08-07:00,0,0
resume/index.html,54,html,49f85524,Yall777,2026-04-09,09:49:23,-07:00,2026-04-09T09:49:23-07:00,4,13
resume/index.html,55,html,49f85524,Yall777,2026-04-09,09:49:23,-07:00,2026-04-09T09:49:23-07:00,6,20
resume/index.html,56,html,49f85524,Yall777,2026-04-09,09:49:23,-07:00,2026-04-09T09:49:23-07:00,6,19
resume/index.html,57,html,49f85524,Yall777,2026-04-09,09:49:23,-07:00,2026-04-09T09:49:23-07:00,6,63
resume/index.html,58,html,49f85524,Yall777,2026-04-09,09:49:23,-07:00,2026-04-09T09:49:23-07:00,4,0
resume/index.html,59,html,49f85524,Yall777,2026-04-09,09:49:23,-07:00,2026-04-09T09:49:23-07:00,0,0
resume/index.html,60,html,0142ec8e,Yall777,2026-04-03,16:25:08,-07:00,2026-04-03T16:25:08-07:00,4,20
resume/index.html,61,html,0142ec8e,Yall777,2026-04-03,16:25:08,-07:00,2026-04-03T16:25:08-07:00,6,12
resume/index.html,62,html,0142ec8e,Yall777,2026-04-03,16:25:08,-07:00,2026-04-03T16:25:08-07:00,6,29
resume/index.html,63,html,2933b5c4,Yall777,2026-04-09,09:39:40,-07:00,2026-04-09T09:39:40-07:00,6,20
resume/index.html,64,html,0142ec8e,Yall777,2026-04-03,16:25:08,-07:00,2026-04-03T16:25:08-07:00,6,14
resume/index.html,65,html,9c846dc6,Yall777,2026-04-09,09:36:25,-07:00,2026-04-09T09:36:25-07:00,6,16
resume/index.html,66,html,0142ec8e,Yall777,2026-04-03,16:25:08,-07:00,2026-04-03T16:25:08-07:00,4,0
resume/index.html,67,html,0142ec8e,Yall777,2026-04-03,16:25:08,-07:00,2026-04-03T16:25:08-07:00,0,0
resume/index.html,68,html,0142ec8e,Yall777,2026-04-03,16:25:08,-07:00,2026-04-03T16:25:08-07:00,4,25
resume/index.html,69,html,c2688316,Yall777,2026-04-09,09:43:37,-07:00,2026-04-09T09:43:37-07:00,6,16
resume/index.html,70,html,0142ec8e,Yall777,2026-04-03,16:25:08,-07:00,2026-04-03T16:25:08-07:00,4,0
resume/index.html,71,html,0142ec8e,Yall777,2026-04-03,16:25:08,-07:00,2026-04-03T16:25:08-07:00,0,0
resume/index.html,72,html,49f85524,Yall777,2026-04-09,09:49:23,-07:00,2026-04-09T09:49:23-07:00,4,26
resume/index.html,73,html,49f85524,Yall777,2026-04-09,09:49:23,-07:00,2026-04-09T09:49:23-07:00,6,17
resume/index.html,74,html,49f85524,Yall777,2026-04-09,09:49:23,-07:00,2026-04-09T09:49:23-07:00,6,24
resume/index.html,75,html,49f85524,Yall777,2026-04-09,09:49:23,-07:00,2026-04-09T09:49:23-07:00,4,0
resume/index.html,76,html,49f85524,Yall777,2026-04-09,09:49:23,-07:00,2026-04-09T09:49:23-07:00,0,0
resume/index.html,77,html,0142ec8e,Yall777,2026-04-03,16:25:08,-07:00,2026-04-03T16:25:08-07:00,4,19
resume/index.html,78,html,0142ec8e,Yall777,2026-04-03,16:25:08,-07:00,2026-04-03T16:25:08-07:00,6,17
resume/index.html,79,html,49f85524,Yall777,2026-04-09,09:49:23,-07:00,2026-04-09T09:49:23-07:00,6,24
resume/index.html,80,html,49f85524,Yall777,2026-04-09,09:49:23,-07:00,2026-04-09T09:49:23-07:00,6,23
resume/index.html,81,html,0142ec8e,Yall777,2026-04-03,16:25:08,-07:00,2026-04-03T16:25:08-07:00,4,0
resume/index.html,82,html,0142ec8e,Yall777,2026-04-03,16:25:08,-07:00,2026-04-03T16:25:08-07:00,0,0
resume/index.html,83,html,0142ec8e,Yall777,2026-04-03,16:25:08,-07:00,2026-04-03T16:25:08-07:00,4,16
resume/index.html,84,html,c2688316,Yall777,2026-04-09,09:43:37,-07:00,2026-04-09T09:43:37-07:00,6,25
resume/index.html,85,html,0142ec8e,Yall777,2026-04-03,16:25:08,-07:00,2026-04-03T16:25:08-07:00,6,9
resume/index.html,86,html,0142ec8e,Yall777,2026-04-03,16:25:08,-07:00,2026-04-03T16:25:08-07:00,4,0
resume/index.html,87,html,0142ec8e,Yall777,2026-04-03,16:25:08,-07:00,2026-04-03T16:25:08-07:00,0,0
resume/index.html,88,html,0142ec8e,Yall777,2026-04-03,16:25:08,-07:00,2026-04-03T16:25:08-07:00,4,19
resume/index.html,89,html,2933b5c4,Yall777,2026-04-09,09:39:40,-07:00,2026-04-09T09:39:40-07:00,6,20
resume/index.html,90,html,0142ec8e,Yall777,2026-04-03,16:25:08,-07:00,2026-04-03T16:25:08-07:00,4,0
resume/index.html,91,html,0142ec8e,Yall777,2026-04-03,16:25:08,-07:00,2026-04-03T16:25:08-07:00,0,0
resume/index.html,92,html,0142ec8e,Yall777,2026-04-03,16:25:08,-07:00,2026-04-03T16:25:08-07:00,4,12
resume/index.html,93,html,0142ec8e,Yall777,2026-04-03,16:25:08,-07:00,2026-04-03T16:25:08-07:00,6,15
resume/index.html,94,html,0142ec8e,Yall777,2026-04-03,16:25:08,-07:00,2026-04-03T16:25:08-07:00,6,8
resume/index.html,95,html,0142ec8e,Yall777,2026-04-03,16:25:08,-07:00,2026-04-03T16:25:08-07:00,6,9
resume/index.html,96,html,0142ec8e,Yall777,2026-04-03,16:25:08,-07:00,2026-04-03T16:25:08-07:00,4,0
resume/index.html,97,html,0142ec8e,Yall777,2026-04-03,16:25:08,-07:00,2026-04-03T16:25:08-07:00,0,0
resume/index.html,98,html,0142ec8e,Yall777,2026-04-03,16:25:08,-07:00,2026-04-03T16:25:08-07:00,4,15
resume/index.html,99,html,49f85524,Yall777,2026-04-09,09:49:23,-07:00,2026-04-09T09:49:23-07:00,6,20
resume/index.html,100,html,49f85524,Yall777,2026-04-09,09:49:23,-07:00,2026-04-09T09:49:23-07:00,4,0
resume/index.html,101,html,49f85524,Yall777,2026-04-09,09:49:23,-07:00,2026-04-09T09:49:23-07:00,0,0
resume/index.html,102,html,49f85524,Yall777,2026-04-09,09:49:23,-07:00,2026-04-09T09:49:23-07:00,4,22
resume/index.html,103,html,49f85524,Yall777,2026-04-09,09:49:23,-07:00,2026-04-09T09:49:23-07:00,6,25
resume/index.html,104,html,9c846dc6,Yall777,2026-04-09,09:36:25,-07:00,2026-04-09T09:36:25-07:00,4,0
resume/index.html,105,html,0142ec8e,Yall777,2026-04-03,16:25:08,-07:00,2026-04-03T16:25:08-07:00,2,6
resume/index.html,106,html,6e4af62b,Yall777,2026-04-17,13:32:09,-07:00,2026-04-17T13:32:09-07:00,2,48
resume/index.html,107,html,0142ec8e,Yall777,2026-04-03,16:25:08,-07:00,2026-04-03T16:25:08-07:00,0,5
resume/index.html,108,html,0142ec8e,Yall777,2026-04-03,16:25:08,-07:00,2026-04-03T16:25:08-07:00,0,4
resume/index.html,109,html,f9144e98,Yall777,2026-04-17,13:59:37,-07:00,2026-04-17T13:59:37-07:00,0,25
resume/index.html,110,html,c2688316,Yall777,2026-04-09,09:43:37,-07:00,2026-04-09T09:43:37-07:00,4,18
resume/index.html,111,html,c2688316,Yall777,2026-04-09,09:43:37,-07:00,2026-04-09T09:43:37-07:00,4,24
resume/index.html,112,html,c2688316,Yall777,2026-04-09,09:43:37,-07:00,2026-04-09T09:43:37-07:00,6,60
resume/index.html,113,html,c2688316,Yall777,2026-04-09,09:43:37,-07:00,2026-04-09T09:43:37-07:00,6,23
resume/index.html,114,html,9e3377b6,Yall777,2026-04-09,10:00:32,-07:00,2026-04-09T10:00:32-07:00,6,92
resume/index.html,115,html,0142ec8e,Yall777,2026-04-03,16:25:08,-07:00,2026-04-03T16:25:08-07:00,4,4
resume/index.html,116,html,c2688316,Yall777,2026-04-09,09:43:37,-07:00,2026-04-09T09:43:37-07:00,2,4
resume/index.html,117,html,0142ec8e,Yall777,2026-04-03,16:25:08,-07:00,2026-04-03T16:25:08-07:00,0,0
resume/index.html,118,html,c2688316,Yall777,2026-04-09,09:43:37,-07:00,2026-04-09T09:43:37-07:00,2,7
resume/index.html,119,html,c2688316,Yall777,2026-04-09,09:43:37,-07:00,2026-04-09T09:43:37-07:00,4,16
resume/index.html,120,html,0142ec8e,Yall777,2026-04-03,16:25:08,-07:00,2026-04-03T16:25:08-07:00,0,0
resume/index.html,121,html,c2688316,Yall777,2026-04-09,09:43:37,-07:00,2026-04-09T09:43:37-07:00,4,24
resume/index.html,122,html,c2688316,Yall777,2026-04-09,09:43:37,-07:00,2026-04-09T09:43:37-07:00,6,31
resume/index.html,123,html,c2688316,Yall777,2026-04-09,09:43:37,-07:00,2026-04-09T09:43:37-07:00,8,58
resume/index.html,124,html,49f85524,Yall777,2026-04-09,09:49:23,-07:00,2026-04-09T09:49:23-07:00,8,33
resume/index.html,125,html,0142ec8e,Yall777,2026-04-03,16:25:08,-07:00,2026-04-03T16:25:08-07:00,6,4
resume/index.html,126,html,c2688316,Yall777,2026-04-09,09:43:37,-07:00,2026-04-09T09:43:37-07:00,6,70
resume/index.html,127,html,c2688316,Yall777,2026-04-09,09:43:37,-07:00,2026-04-09T09:43:37-07:00,4,4
resume/index.html,128,html,0142ec8e,Yall777,2026-04-03,16:25:08,-07:00,2026-04-03T16:25:08-07:00,0,0
resume/index.html,129,html,c2688316,Yall777,2026-04-09,09:43:37,-07:00,2026-04-09T09:43:37-07:00,4,24
resume/index.html,130,html,c2688316,Yall777,2026-04-09,09:43:37,-07:00,2026-04-09T09:43:37-07:00,6,31
resume/index.html,131,html,c2688316,Yall777,2026-04-09,09:43:37,-07:00,2026-04-09T09:43:37-07:00,8,39
resume/index.html,132,html,49f85524,Yall777,2026-04-09,09:49:23,-07:00,2026-04-09T09:49:23-07:00,8,47
resume/index.html,133,html,0142ec8e,Yall777,2026-04-03,16:25:08,-07:00,2026-04-03T16:25:08-07:00,6,4
resume/index.html,134,html,c2688316,Yall777,2026-04-09,09:43:37,-07:00,2026-04-09T09:43:37-07:00,6,67
resume/index.html,135,html,c2688316,Yall777,2026-04-09,09:43:37,-07:00,2026-04-09T09:43:37-07:00,4,4
resume/index.html,136,html,c2688316,Yall777,2026-04-09,09:43:37,-07:00,2026-04-09T09:43:37-07:00,2,8
resume/index.html,137,html,c2688316,Yall777,2026-04-09,09:43:37,-07:00,2026-04-09T09:43:37-07:00,0,0
resume/index.html,138,html,c2688316,Yall777,2026-04-09,09:43:37,-07:00,2026-04-09T09:43:37-07:00,2,7
resume/index.html,139,html,c2688316,Yall777,2026-04-09,09:43:37,-07:00,2026-04-09T09:43:37-07:00,4,17
resume/index.html,140,html,c2688316,Yall777,2026-04-09,09:43:37,-07:00,2026-04-09T09:43:37-07:00,0,0
resume/index.html,141,html,c2688316,Yall777,2026-04-09,09:43:37,-07:00,2026-04-09T09:43:37-07:00,4,24
resume/index.html,142,html,c2688316,Yall777,2026-04-09,09:43:37,-07:00,2026-04-09T09:43:37-07:00,6,31
resume/index.html,143,html,c2688316,Yall777,2026-04-09,09:43:37,-07:00,2026-04-09T09:43:37-07:00,8,71
resume/index.html,144,html,49f85524,Yall777,2026-04-09,09:49:23,-07:00,2026-04-09T09:49:23-07:00,8,48
resume/index.html,145,html,0142ec8e,Yall777,2026-04-03,16:25:08,-07:00,2026-04-03T16:25:08-07:00,6,4
resume/index.html,146,html,c2688316,Yall777,2026-04-09,09:43:37,-07:00,2026-04-09T09:43:37-07:00,6,69
resume/index.html,147,html,c2688316,Yall777,2026-04-09,09:43:37,-07:00,2026-04-09T09:43:37-07:00,6,2
resume/index.html,148,html,c2688316,Yall777,2026-04-09,09:43:37,-07:00,2026-04-09T09:43:37-07:00,8,198
resume/index.html,149,html,c2688316,Yall777,2026-04-09,09:43:37,-07:00,2026-04-09T09:43:37-07:00,8,148
resume/index.html,150,html,c2688316,Yall777,2026-04-09,09:43:37,-07:00,2026-04-09T09:43:37-07:00,8,204
resume/index.html,151,html,c2688316,Yall777,2026-04-09,09:43:37,-07:00,2026-04-09T09:43:37-07:00,6,3
resume/index.html,152,html,c2688316,Yall777,2026-04-09,09:43:37,-07:00,2026-04-09T09:43:37-07:00,4,4
resume/index.html,153,html,0142ec8e,Yall777,2026-04-03,16:25:08,-07:00,2026-04-03T16:25:08-07:00,0,0
resume/index.html,154,html,c2688316,Yall777,2026-04-09,09:43:37,-07:00,2026-04-09T09:43:37-07:00,4,24
resume/index.html,155,html,c2688316,Yall777,2026-04-09,09:43:37,-07:00,2026-04-09T09:43:37-07:00,6,31
resume/index.html,156,html,c2688316,Yall777,2026-04-09,09:43:37,-07:00,2026-04-09T09:43:37-07:00,8,51
resume/index.html,157,html,49f85524,Yall777,2026-04-09,09:49:23,-07:00,2026-04-09T09:49:23-07:00,8,45
resume/index.html,158,html,0142ec8e,Yall777,2026-04-03,16:25:08,-07:00,2026-04-03T16:25:08-07:00,6,4
resume/index.html,159,html,c2688316,Yall777,2026-04-09,09:43:37,-07:00,2026-04-09T09:43:37-07:00,6,63
resume/index.html,160,html,c2688316,Yall777,2026-04-09,09:43:37,-07:00,2026-04-09T09:43:37-07:00,6,2
resume/index.html,161,html,c2688316,Yall777,2026-04-09,09:43:37,-07:00,2026-04-09T09:43:37-07:00,8,140
resume/index.html,162,html,c2688316,Yall777,2026-04-09,09:43:37,-07:00,2026-04-09T09:43:37-07:00,8,200
resume/index.html,163,html,c2688316,Yall777,2026-04-09,09:43:37,-07:00,2026-04-09T09:43:37-07:00,8,154
resume/index.html,164,html,c2688316,Yall777,2026-04-09,09:43:37,-07:00,2026-04-09T09:43:37-07:00,8,117
resume/index.html,165,html,c2688316,Yall777,2026-04-09,09:43:37,-07:00,2026-04-09T09:43:37-07:00,8,141
resume/index.html,166,html,c2688316,Yall777,2026-04-09,09:43:37,-07:00,2026-04-09T09:43:37-07:00,8,117
resume/index.html,167,html,c2688316,Yall777,2026-04-09,09:43:37,-07:00,2026-04-09T09:43:37-07:00,8,137
resume/index.html,168,html,c2688316,Yall777,2026-04-09,09:43:37,-07:00,2026-04-09T09:43:37-07:00,6,3
resume/index.html,169,html,c2688316,Yall777,2026-04-09,09:43:37,-07:00,2026-04-09T09:43:37-07:00,4,4
resume/index.html,170,html,0142ec8e,Yall777,2026-04-03,16:25:08,-07:00,2026-04-03T16:25:08-07:00,0,0
resume/index.html,171,html,c2688316,Yall777,2026-04-09,09:43:37,-07:00,2026-04-09T09:43:37-07:00,4,24
resume/index.html,172,html,c2688316,Yall777,2026-04-09,09:43:37,-07:00,2026-04-09T09:43:37-07:00,6,31
resume/index.html,173,html,c2688316,Yall777,2026-04-09,09:43:37,-07:00,2026-04-09T09:43:37-07:00,8,28
resume/index.html,174,html,49f85524,Yall777,2026-04-09,09:49:23,-07:00,2026-04-09T09:49:23-07:00,8,48
resume/index.html,175,html,0142ec8e,Yall777,2026-04-03,16:25:08,-07:00,2026-04-03T16:25:08-07:00,6,4
resume/index.html,176,html,c2688316,Yall777,2026-04-09,09:43:37,-07:00,2026-04-09T09:43:37-07:00,6,45
resume/index.html,177,html,c2688316,Yall777,2026-04-09,09:43:37,-07:00,2026-04-09T09:43:37-07:00,6,2
resume/index.html,178,html,c2688316,Yall777,2026-04-09,09:43:37,-07:00,2026-04-09T09:43:37-07:00,8,114
resume/index.html,179,html,c2688316,Yall777,2026-04-09,09:43:37,-07:00,2026-04-09T09:43:37-07:00,8,122
resume/index.html,180,html,c2688316,Yall777,2026-04-09,09:43:37,-07:00,2026-04-09T09:43:37-07:00,8,92
resume/index.html,181,html,c2688316,Yall777,2026-04-09,09:43:37,-07:00,2026-04-09T09:43:37-07:00,8,118
resume/index.html,182,html,c2688316,Yall777,2026-04-09,09:43:37,-07:00,2026-04-09T09:43:37-07:00,8,140
resume/index.html,183,html,c2688316,Yall777,2026-04-09,09:43:37,-07:00,2026-04-09T09:43:37-07:00,6,3
resume/index.html,184,html,c2688316,Yall777,2026-04-09,09:43:37,-07:00,2026-04-09T09:43:37-07:00,4,4
resume/index.html,185,html,0142ec8e,Yall777,2026-04-03,16:25:08,-07:00,2026-04-03T16:25:08-07:00,0,0
resume/index.html,186,html,c2688316,Yall777,2026-04-09,09:43:37,-07:00,2026-04-09T09:43:37-07:00,4,24
resume/index.html,187,html,c2688316,Yall777,2026-04-09,09:43:37,-07:00,2026-04-09T09:43:37-07:00,6,31
resume/index.html,188,html,c2688316,Yall777,2026-04-09,09:43:37,-07:00,2026-04-09T09:43:37-07:00,8,78
resume/index.html,189,html,49f85524,Yall777,2026-04-09,09:49:23,-07:00,2026-04-09T09:49:23-07:00,8,50
resume/index.html,190,html,0142ec8e,Yall777,2026-04-03,16:25:08,-07:00,2026-04-03T16:25:08-07:00,6,4
resume/index.html,191,html,c2688316,Yall777,2026-04-09,09:43:37,-07:00,2026-04-09T09:43:37-07:00,6,2
resume/index.html,192,html,c2688316,Yall777,2026-04-09,09:43:37,-07:00,2026-04-09T09:43:37-07:00,8,107
resume/index.html,193,html,c2688316,Yall777,2026-04-09,09:43:37,-07:00,2026-04-09T09:43:37-07:00,8,107
resume/index.html,194,html,c2688316,Yall777,2026-04-09,09:43:37,-07:00,2026-04-09T09:43:37-07:00,8,105
resume/index.html,195,html,0142ec8e,Yall777,2026-04-03,16:25:08,-07:00,2026-04-03T16:25:08-07:00,6,3
resume/index.html,196,html,c2688316,Yall777,2026-04-09,09:43:37,-07:00,2026-04-09T09:43:37-07:00,4,4
resume/index.html,197,html,c2688316,Yall777,2026-04-09,09:43:37,-07:00,2026-04-09T09:43:37-07:00,2,8
resume/index.html,198,html,c2688316,Yall777,2026-04-09,09:43:37,-07:00,2026-04-09T09:43:37-07:00,0,0
resume/index.html,199,html,c2688316,Yall777,2026-04-09,09:43:37,-07:00,2026-04-09T09:43:37-07:00,2,7
resume/index.html,200,html,c2688316,Yall777,2026-04-09,09:43:37,-07:00,2026-04-09T09:43:37-07:00,4,13
resume/index.html,201,html,c2688316,Yall777,2026-04-09,09:43:37,-07:00,2026-04-09T09:43:37-07:00,4,22
resume/index.html,202,html,c2688316,Yall777,2026-04-09,09:43:37,-07:00,2026-04-09T09:43:37-07:00,6,159
resume/index.html,203,html,c2688316,Yall777,2026-04-09,09:43:37,-07:00,2026-04-09T09:43:37-07:00,6,124
resume/index.html,204,html,c2688316,Yall777,2026-04-09,09:43:37,-07:00,2026-04-09T09:43:37-07:00,6,51
resume/index.html,205,html,c2688316,Yall777,2026-04-09,09:43:37,-07:00,2026-04-09T09:43:37-07:00,6,89
resume/index.html,206,html,c2688316,Yall777,2026-04-09,09:43:37,-07:00,2026-04-09T09:43:37-07:00,4,3
resume/index.html,207,html,c2688316,Yall777,2026-04-09,09:43:37,-07:00,2026-04-09T09:43:37-07:00,2,8
resume/index.html,208,html,0142ec8e,Yall777,2026-04-03,16:25:08,-07:00,2026-04-03T16:25:08-07:00,0,0
resume/index.html,209,html,0142ec8e,Yall777,2026-04-03,16:25:08,-07:00,2026-04-03T16:25:08-07:00,0,5
resume/index.html,210,html,0142ec8e,Yall777,2026-04-03,16:25:08,-07:00,2026-04-03T16:25:08-07:00,0,5
contact/index.html,1,html,0142ec8e,Yall777,2026-04-03,16:25:08,-07:00,2026-04-03T16:25:08-07:00,0,13
contact/index.html,2,html,0142ec8e,Yall777,2026-04-03,16:25:08,-07:00,2026-04-03T16:25:08-07:00,0,14
contact/index.html,3,html,0142ec8e,Yall777,2026-04-03,16:25:08,-07:00,2026-04-03T16:25:08-07:00,0,4
contact/index.html,4,html,0142ec8e,Yall777,2026-04-03,16:25:08,-07:00,2026-04-03T16:25:08-07:00,2,20
contact/index.html,5,html,0142ec8e,Yall777,2026-04-03,16:25:08,-07:00,2026-04-03T16:25:08-07:00,2,68
contact/index.html,6,html,0142ec8e,Yall777,2026-04-03,16:25:08,-07:00,2026-04-03T16:25:08-07:00,2,34
contact/index.html,7,html,0142ec8e,Yall777,2026-04-03,16:25:08,-07:00,2026-04-03T16:25:08-07:00,2,41
contact/index.html,8,html,6e4af62b,Yall777,2026-04-17,13:32:09,-07:00,2026-04-17T13:32:09-07:00,2,48
contact/index.html,9,html,0142ec8e,Yall777,2026-04-03,16:25:08,-07:00,2026-04-03T16:25:08-07:00,0,5
contact/index.html,10,html,0142ec8e,Yall777,2026-04-03,16:25:08,-07:00,2026-04-03T16:25:08-07:00,0,4
contact/index.html,11,html,f9144e98,Yall777,2026-04-17,13:59:37,-07:00,2026-04-17T13:59:37-07:00,0,14
contact/index.html,12,html,0142ec8e,Yall777,2026-04-03,16:25:08,-07:00,2026-04-03T16:25:08-07:00,0,0
contact/index.html,13,html,06476c51,Yall777,2026-04-17,15:06:03,-07:00,2026-04-17T15:06:03-07:00,2,39
contact/index.html,14,html,0142ec8e,Yall777,2026-04-03,16:25:08,-07:00,2026-04-03T16:25:08-07:00,4,12
contact/index.html,15,html,0142ec8e,Yall777,2026-04-03,16:25:08,-07:00,2026-04-03T16:25:08-07:00,6,20
contact/index.html,16,html,0142ec8e,Yall777,2026-04-03,16:25:08,-07:00,2026-04-03T16:25:08-07:00,4,6
contact/index.html,17,html,0142ec8e,Yall777,2026-04-03,16:25:08,-07:00,2026-04-03T16:25:08-07:00,4,12
contact/index.html,18,html,0142ec8e,Yall777,2026-04-03,16:25:08,-07:00,2026-04-03T16:25:08-07:00,6,31
contact/index.html,19,html,0142ec8e,Yall777,2026-04-03,16:25:08,-07:00,2026-04-03T16:25:08-07:00,4,6
contact/index.html,20,html,0142ec8e,Yall777,2026-04-03,16:25:08,-07:00,2026-04-03T16:25:08-07:00,4,33
contact/index.html,21,html,0142ec8e,Yall777,2026-04-03,16:25:08,-07:00,2026-04-03T16:25:08-07:00,2,5
contact/index.html,22,html,0142ec8e,Yall777,2026-04-03,16:25:08,-07:00,2026-04-03T16:25:08-07:00,0,5
contact/index.html,23,html,0142ec8e,Yall777,2026-04-03,16:25:08,-07:00,2026-04-03T16:25:08-07:00,0,5
Projects/projects.js,1,js,cd435cdd,Yall777,2026-04-24,13:21:27,-07:00,2026-04-24T13:21:27-07:00,0,55
Projects/projects.js,2,js,e086b068,Yall777,2026-05-01,13:14:12,-07:00,2026-05-01T13:14:12-07:00,0,59
Projects/projects.js,3,js,cd435cdd,Yall777,2026-04-24,13:21:27,-07:00,2026-04-24T13:21:27-07:00,0,0
Projects/projects.js,4,js,cd435cdd,Yall777,2026-04-24,13:21:27,-07:00,2026-04-24T13:21:27-07:00,0,55
Projects/projects.js,5,js,cd435cdd,Yall777,2026-04-24,13:21:27,-07:00,2026-04-24T13:21:27-07:00,0,60
Projects/projects.js,6,js,cd435cdd,Yall777,2026-04-24,13:21:27,-07:00,2026-04-24T13:21:27-07:00,0,0
Projects/projects.js,7,js,cd435cdd,Yall777,2026-04-24,13:21:27,-07:00,2026-04-24T13:21:27-07:00,0,62
Projects/projects.js,8,js,cd435cdd,Yall777,2026-04-24,13:21:27,-07:00,2026-04-24T13:21:27-07:00,0,56
Projects/projects.js,9,js,e086b068,Yall777,2026-05-01,13:14:12,-07:00,2026-05-01T13:14:12-07:00,0,0
Projects/projects.js,10,js,83e877ba,Yall777,2026-05-01,13:46:20,-07:00,2026-05-01T13:46:20-07:00,0,49
Projects/projects.js,11,js,e086b068,Yall777,2026-05-01,13:14:12,-07:00,2026-05-01T13:14:12-07:00,0,50
Projects/projects.js,12,js,e086b068,Yall777,2026-05-01,13:14:12,-07:00,2026-05-01T13:14:12-07:00,0,59
Projects/projects.js,13,js,e086b068,Yall777,2026-05-01,13:14:12,-07:00,2026-05-01T13:14:12-07:00,0,0
Projects/projects.js,14,js,e086b068,Yall777,2026-05-01,13:14:12,-07:00,2026-05-01T13:14:12-07:00,0,42
Projects/projects.js,15,js,e086b068,Yall777,2026-05-01,13:14:12,-07:00,2026-05-01T13:14:12-07:00,0,43
Projects/projects.js,16,js,83e877ba,Yall777,2026-05-01,13:46:20,-07:00,2026-05-01T13:46:20-07:00,0,0
Projects/projects.js,17,js,83e877ba,Yall777,2026-05-01,13:46:20,-07:00,2026-05-01T13:46:20-07:00,0,13
Projects/projects.js,18,js,47c0e146,Yall777,2026-05-01,18:36:20,-07:00,2026-05-01T18:36:20-07:00,0,66
Projects/projects.js,19,js,83e877ba,Yall777,2026-05-01,13:46:20,-07:00,2026-05-01T13:46:20-07:00,0,0
Projects/projects.js,20,js,83e877ba,Yall777,2026-05-01,13:46:20,-07:00,2026-05-01T13:46:20-07:00,0,38
Projects/projects.js,21,js,83e877ba,Yall777,2026-05-01,13:46:20,-07:00,2026-05-01T13:46:20-07:00,1,73
Projects/projects.js,22,js,83e877ba,Yall777,2026-05-01,13:46:20,-07:00,2026-05-01T13:46:20-07:00,2,27
Projects/projects.js,23,js,83e877ba,Yall777,2026-05-01,13:46:20,-07:00,2026-05-01T13:46:20-07:00,1,81
Projects/projects.js,24,js,83e877ba,Yall777,2026-05-01,13:46:20,-07:00,2026-05-01T13:46:20-07:00,1,38
Projects/projects.js,25,js,83e877ba,Yall777,2026-05-01,13:46:20,-07:00,2026-05-01T13:46:20-07:00,0,0
Projects/projects.js,26,js,47c0e146,Yall777,2026-05-01,18:36:20,-07:00,2026-05-01T18:36:20-07:00,1,58
Projects/projects.js,27,js,47c0e146,Yall777,2026-05-01,18:36:20,-07:00,2026-05-01T18:36:20-07:00,1,41
Projects/projects.js,28,js,47c0e146,Yall777,2026-05-01,18:36:20,-07:00,2026-05-01T18:36:20-07:00,2,48
Projects/projects.js,29,js,47c0e146,Yall777,2026-05-01,18:36:20,-07:00,2026-05-01T18:36:20-07:00,2,3
Projects/projects.js,30,js,47c0e146,Yall777,2026-05-01,18:36:20,-07:00,2026-05-01T18:36:20-07:00,0,0
Projects/projects.js,31,js,83e877ba,Yall777,2026-05-01,13:46:20,-07:00,2026-05-01T13:46:20-07:00,1,29
Projects/projects.js,32,js,83e877ba,Yall777,2026-05-01,13:46:20,-07:00,2026-05-01T13:46:20-07:00,1,25
Projects/projects.js,33,js,83e877ba,Yall777,2026-05-01,13:46:20,-07:00,2026-05-01T13:46:20-07:00,2,16
Projects/projects.js,34,js,83e877ba,Yall777,2026-05-01,13:46:20,-07:00,2026-05-01T13:46:20-07:00,3,25
Projects/projects.js,35,js,83e877ba,Yall777,2026-05-01,13:46:20,-07:00,2026-05-01T13:46:20-07:00,3,37
Projects/projects.js,36,js,83e877ba,Yall777,2026-05-01,13:46:20,-07:00,2026-05-01T13:46:20-07:00,3,22
Projects/projects.js,37,js,83e877ba,Yall777,2026-05-01,13:46:20,-07:00,2026-05-01T13:46:20-07:00,3,24
Projects/projects.js,38,js,83e877ba,Yall777,2026-05-01,13:46:20,-07:00,2026-05-01T13:46:20-07:00,3,39
Projects/projects.js,39,js,83e877ba,Yall777,2026-05-01,13:46:20,-07:00,2026-05-01T13:46:20-07:00,3,18
Projects/projects.js,40,js,47c0e146,Yall777,2026-05-01,18:36:20,-07:00,2026-05-01T18:36:20-07:00,4,73
Projects/projects.js,41,js,47c0e146,Yall777,2026-05-01,18:36:20,-07:00,2026-05-01T18:36:20-07:00,4,13
Projects/projects.js,42,js,83e877ba,Yall777,2026-05-01,13:46:20,-07:00,2026-05-01T13:46:20-07:00,3,1
Projects/projects.js,43,js,83e877ba,Yall777,2026-05-01,13:46:20,-07:00,2026-05-01T13:46:20-07:00,1,1
Projects/projects.js,44,js,83e877ba,Yall777,2026-05-01,13:46:20,-07:00,2026-05-01T13:46:20-07:00,0,0
Projects/projects.js,45,js,83e877ba,Yall777,2026-05-01,13:46:20,-07:00,2026-05-01T13:46:20-07:00,1,30
Projects/projects.js,46,js,83e877ba,Yall777,2026-05-01,13:46:20,-07:00,2026-05-01T13:46:20-07:00,1,25
Projects/projects.js,47,js,83e877ba,Yall777,2026-05-01,13:46:20,-07:00,2026-05-01T13:46:20-07:00,2,17
Projects/projects.js,48,js,83e877ba,Yall777,2026-05-01,13:46:20,-07:00,2026-05-01T13:46:20-07:00,3,37
Projects/projects.js,49,js,83e877ba,Yall777,2026-05-01,13:46:20,-07:00,2026-05-01T13:46:20-07:00,3,27
Projects/projects.js,50,js,83e877ba,Yall777,2026-05-01,13:46:20,-07:00,2026-05-01T13:46:20-07:00,3,39
Projects/projects.js,51,js,83e877ba,Yall777,2026-05-01,13:46:20,-07:00,2026-05-01T13:46:20-07:00,3,68
Projects/projects.js,52,js,83e877ba,Yall777,2026-05-01,13:46:20,-07:00,2026-05-01T13:46:20-07:00,3,18
Projects/projects.js,53,js,47c0e146,Yall777,2026-05-01,18:36:20,-07:00,2026-05-01T18:36:20-07:00,4,55
Projects/projects.js,54,js,47c0e146,Yall777,2026-05-01,18:36:20,-07:00,2026-05-01T18:36:20-07:00,4,13
Projects/projects.js,55,js,83e877ba,Yall777,2026-05-01,13:46:20,-07:00,2026-05-01T13:46:20-07:00,3,1
Projects/projects.js,56,js,83e877ba,Yall777,2026-05-01,13:46:20,-07:00,2026-05-01T13:46:20-07:00,1,1
Projects/projects.js,57,js,83e877ba,Yall777,2026-05-01,13:46:20,-07:00,2026-05-01T13:46:20-07:00,0,0
Projects/projects.js,58,js,83e877ba,Yall777,2026-05-01,13:46:20,-07:00,2026-05-01T13:46:20-07:00,0,0
Projects/projects.js,59,js,83e877ba,Yall777,2026-05-01,13:46:20,-07:00,2026-05-01T13:46:20-07:00,0,23
Projects/projects.js,60,js,83e877ba,Yall777,2026-05-01,13:46:20,-07:00,2026-05-01T13:46:20-07:00,1,51
Projects/projects.js,61,js,83e877ba,Yall777,2026-05-01,13:46:20,-07:00,2026-05-01T13:46:20-07:00,2,61
Projects/projects.js,62,js,83e877ba,Yall777,2026-05-01,13:46:20,-07:00,2026-05-01T13:46:20-07:00,2,42
Projects/projects.js,63,js,83e877ba,Yall777,2026-05-01,13:46:20,-07:00,2026-05-01T13:46:20-07:00,1,1
Projects/projects.js,64,js,47c0e146,Yall777,2026-05-01,18:36:20,-07:00,2026-05-01T18:36:20-07:00,0,0
Projects/projects.js,65,js,47c0e146,Yall777,2026-05-01,18:36:20,-07:00,2026-05-01T18:36:20-07:00,1,37
Projects/projects.js,66,js,47c0e146,Yall777,2026-05-01,18:36:20,-07:00,2026-05-01T18:36:20-07:00,2,51
Projects/projects.js,67,js,47c0e146,Yall777,2026-05-01,18:36:20,-07:00,2026-05-01T18:36:20-07:00,2,15
Projects/projects.js,68,js,47c0e146,Yall777,2026-05-01,18:36:20,-07:00,2026-05-01T18:36:20-07:00,0,0
Projects/projects.js,69,js,47c0e146,Yall777,2026-05-01,18:36:20,-07:00,2026-05-01T18:36:20-07:00,1,49
Projects/projects.js,70,js,83e877ba,Yall777,2026-05-01,13:46:20,-07:00,2026-05-01T13:46:20-07:00,1,26
Projects/projects.js,71,js,83e877ba,Yall777,2026-05-01,13:46:20,-07:00,2026-05-01T13:46:20-07:00,0,0
Projects/projects.js,72,js,83e877ba,Yall777,2026-05-01,13:46:20,-07:00,2026-05-01T13:46:20-07:00,0,0
Projects/projects.js,73,js,83e877ba,Yall777,2026-05-01,13:46:20,-07:00,2026-05-01T13:46:20-07:00,0,13
Projects/projects.js,74,js,83e877ba,Yall777,2026-05-01,13:46:20,-07:00,2026-05-01T13:46:20-07:00,0,0
Projects/projects.js,75,js,83e877ba,Yall777,2026-05-01,13:46:20,-07:00,2026-05-01T13:46:20-07:00,0,55
Projects/projects.js,76,js,83e877ba,Yall777,2026-05-01,13:46:20,-07:00,2026-05-01T13:46:20-07:00,0,48
Projects/projects.js,77,js,83e877ba,Yall777,2026-05-01,13:46:20,-07:00,2026-05-01T13:46:20-07:00,1,25
Projects/projects.js,78,js,83e877ba,Yall777,2026-05-01,13:46:20,-07:00,2026-05-01T13:46:20-07:00,1,13
Projects/projects.js,79,js,e086b068,Yall777,2026-05-01,13:14:12,-07:00,2026-05-01T13:14:12-07:00,0,1
Projects/index.html,1,html,0142ec8e,Yall777,2026-04-03,16:25:08,-07:00,2026-04-03T16:25:08-07:00,0,13
Projects/index.html,2,html,0142ec8e,Yall777,2026-04-03,16:25:08,-07:00,2026-04-03T16:25:08-07:00,0,14
Projects/index.html,3,html,0142ec8e,Yall777,2026-04-03,16:25:08,-07:00,2026-04-03T16:25:08-07:00,0,4
Projects/index.html,4,html,0142ec8e,Yall777,2026-04-03,16:25:08,-07:00,2026-04-03T16:25:08-07:00,2,20
Projects/index.html,5,html,0142ec8e,Yall777,2026-04-03,16:25:08,-07:00,2026-04-03T16:25:08-07:00,2,68
Projects/index.html,6,html,0142ec8e,Yall777,2026-04-03,16:25:08,-07:00,2026-04-03T16:25:08-07:00,2,35
Projects/index.html,7,html,0142ec8e,Yall777,2026-04-03,16:25:08,-07:00,2026-04-03T16:25:08-07:00,2,41
Projects/index.html,8,html,6e4af62b,Yall777,2026-04-17,13:32:09,-07:00,2026-04-17T13:32:09-07:00,2,48
Projects/index.html,9,html,cd435cdd,Yall777,2026-04-24,13:21:27,-07:00,2026-04-24T13:21:27-07:00,2,47
Projects/index.html,10,html,0142ec8e,Yall777,2026-04-03,16:25:08,-07:00,2026-04-03T16:25:08-07:00,0,5
Projects/index.html,11,html,0142ec8e,Yall777,2026-04-03,16:25:08,-07:00,2026-04-03T16:25:08-07:00,0,4
Projects/index.html,12,html,cd435cdd,Yall777,2026-04-24,13:21:27,-07:00,2026-04-24T13:21:27-07:00,0,38
Projects/index.html,13,html,9c846dc6,Yall777,2026-04-09,09:36:25,-07:00,2026-04-09T09:36:25-07:00,0,0
Projects/index.html,14,html,e086b068,Yall777,2026-05-01,13:14:12,-07:00,2026-05-01T13:14:12-07:00,0,24
Projects/index.html,15,html,e086b068,Yall777,2026-05-01,13:14:12,-07:00,2026-05-01T13:14:12-07:00,1,58
Projects/index.html,16,html,e086b068,Yall777,2026-05-01,13:14:12,-07:00,2026-05-01T13:14:12-07:00,1,43
Projects/index.html,17,html,e086b068,Yall777,2026-05-01,13:14:12,-07:00,2026-05-01T13:14:12-07:00,0,4
Projects/index.html,18,html,e086b068,Yall777,2026-05-01,13:14:12,-07:00,2026-05-01T13:14:12-07:00,0,0
Projects/index.html,19,html,83e877ba,Yall777,2026-05-01,13:46:20,-07:00,2026-05-01T13:46:20-07:00,0,4
Projects/index.html,20,html,83e877ba,Yall777,2026-05-01,13:46:20,-07:00,2026-05-01T13:46:20-07:00,1,15
Projects/index.html,21,html,83e877ba,Yall777,2026-05-01,13:46:20,-07:00,2026-05-01T13:46:20-07:00,1,11
Projects/index.html,22,html,83e877ba,Yall777,2026-05-01,13:46:20,-07:00,2026-05-01T13:46:20-07:00,1,26
Projects/index.html,23,html,83e877ba,Yall777,2026-05-01,13:46:20,-07:00,2026-05-01T13:46:20-07:00,1,31
Projects/index.html,24,html,83e877ba,Yall777,2026-05-01,13:46:20,-07:00,2026-05-01T13:46:20-07:00,0,0
Projects/index.html,25,html,83e877ba,Yall777,2026-05-01,13:46:20,-07:00,2026-05-01T13:46:20-07:00,0,0
Projects/index.html,26,html,cd435cdd,Yall777,2026-04-24,13:21:27,-07:00,2026-04-24T13:21:27-07:00,2,26
Projects/index.html,27,html,0142ec8e,Yall777,2026-04-03,16:25:08,-07:00,2026-04-03T16:25:08-07:00,0,5
Projects/index.html,28,html,0142ec8e,Yall777,2026-04-03,16:25:08,-07:00,2026-04-03T16:25:08-07:00,0,5
